[     273ms] [INFO] %cDownload the React DevTools for a better development experience: https://react.dev/link/react-devtools font-weight:bold @ http://localhost:3000/_next/static/chunks/node_modules_next_dist_1ybzpk2._.js:2489
[     382ms] [LOG] [HMR] connected @ http://localhost:3000/_next/static/chunks/node_modules_next_dist_1ybzpk2._.js:2489
[   36928ms] [LOG] [Fast Refresh] rebuilding @ http://localhost:3000/_next/static/chunks/node_modules_next_dist_1ybzpk2._.js:2489
[   36940ms] [LOG] [Fast Refresh] done in 116ms @ http://localhost:3000/_next/static/chunks/node_modules_next_dist_1ybzpk2._.js:2489
[  123359ms] [LOG] [Fast Refresh] rebuilding @ http://localhost:3000/_next/static/chunks/node_modules_next_dist_1ybzpk2._.js:2489
[  123539ms] [LOG] [Fast Refresh] done in 282ms @ http://localhost:3000/_next/static/chunks/node_modules_next_dist_1ybzpk2._.js:2489
[  123706ms] [LOG] [Fast Refresh] rebuilding @ http://localhost:3000/_next/static/chunks/node_modules_next_dist_1ybzpk2._.js:2489
[  123782ms] [LOG] [Fast Refresh] done in 180ms @ http://localhost:3000/_next/static/chunks/node_modules_next_dist_1ybzpk2._.js:2489
[  123908ms] [LOG] [Fast Refresh] rebuilding @ http://localhost:3000/_next/static/chunks/node_modules_next_dist_1ybzpk2._.js:2489
[  123979ms] [LOG] [Fast Refresh] done in 177ms @ http://localhost:3000/_next/static/chunks/node_modules_next_dist_1ybzpk2._.js:2489
[  130220ms] [LOG] [Fast Refresh] rebuilding @ http://localhost:3000/_next/static/chunks/node_modules_next_dist_1ybzpk2._.js:2489
[  130368ms] [LOG] [Fast Refresh] done in 143ms @ http://localhost:3000/_next/static/chunks/node_modules_next_dist_1ybzpk2._.js:2489
[  130472ms] [LOG] [Fast Refresh] rebuilding @ http://localhost:3000/_next/static/chunks/node_modules_next_dist_1ybzpk2._.js:2489
[  130489ms] [WARNING] %c%s%c ⚠ metadataBase property in metadata export is not set for resolving social open graph or twitter images, using "http://localhost:3000". See https://nextjs.org/docs/app/api-reference/functions/generate-metadata#metadatabase background: #e6e6e6;background: light-dark(rgba(0,0,0,0.1), rgba(255,255,255,0.25));color: #000000;color: light-dark(#000000, #ffffff);border-radius: 2px  Server   @ http://localhost:3000/_next/static/chunks/node_modules_next_dist_1ybzpk2._.js:2489
[  130492ms] [LOG] [Fast Refresh] done in 120ms @ http://localhost:3000/_next/static/chunks/node_modules_next_dist_1ybzpk2._.js:2489
[  138716ms] [LOG] [Fast Refresh] rebuilding @ http://localhost:3000/_next/static/chunks/node_modules_next_dist_1ybzpk2._.js:2489
[  138824ms] [WARNING] %c%s%c ⚠ metadataBase property in metadata export is not set for resolving social open graph or twitter images, using "http://localhost:3000". See https://nextjs.org/docs/app/api-reference/functions/generate-metadata#metadatabase background: #e6e6e6;background: light-dark(rgba(0,0,0,0.1), rgba(255,255,255,0.25));color: #000000;color: light-dark(#000000, #ffffff);border-radius: 2px  Server   @ http://localhost:3000/_next/static/chunks/node_modules_next_dist_1ybzpk2._.js:2489
[  138861ms] [LOG] [Fast Refresh] done in 91ms @ http://localhost:3000/_next/static/chunks/node_modules_next_dist_1ybzpk2._.js:2489
[  144608ms] [LOG] [Fast Refresh] rebuilding @ http://localhost:3000/_next/static/chunks/node_modules_next_dist_1ybzpk2._.js:2489
[  144764ms] [LOG] [Fast Refresh] done in 116ms @ http://localhost:3000/_next/static/chunks/node_modules_next_dist_1ybzpk2._.js:2489
[  151693ms] [LOG] [Fast Refresh] rebuilding @ http://localhost:3000/_next/static/chunks/node_modules_next_dist_1ybzpk2._.js:2489
[  151708ms] [LOG] [Fast Refresh] done in 91ms @ http://localhost:3000/_next/static/chunks/node_modules_next_dist_1ybzpk2._.js:2489
[  151826ms] [LOG] [Fast Refresh] rebuilding @ http://localhost:3000/_next/static/chunks/node_modules_next_dist_1ybzpk2._.js:2489
[  151841ms] [WARNING] %c%s%c ⚠ metadataBase property in metadata export is not set for resolving social open graph or twitter images, using "http://localhost:3000". See https://nextjs.org/docs/app/api-reference/functions/generate-metadata#metadatabase background: #e6e6e6;background: light-dark(rgba(0,0,0,0.1), rgba(255,255,255,0.25));color: #000000;color: light-dark(#000000, #ffffff);border-radius: 2px  Server   @ http://localhost:3000/_next/static/chunks/node_modules_next_dist_1ybzpk2._.js:2489
[  151842ms] [LOG] [Fast Refresh] done in 127ms @ http://localhost:3000/_next/static/chunks/node_modules_next_dist_1ybzpk2._.js:2489
[  158027ms] [LOG] [Fast Refresh] rebuilding @ http://localhost:3000/_next/static/chunks/node_modules_next_dist_1ybzpk2._.js:2489
[  158155ms] [LOG] [Fast Refresh] done in 108ms @ http://localhost:3000/_next/static/chunks/node_modules_next_dist_1ybzpk2._.js:2489
[  165650ms] [LOG] [Fast Refresh] rebuilding @ http://localhost:3000/_next/static/chunks/node_modules_next_dist_1ybzpk2._.js:2489
[  165810ms] [LOG] [Fast Refresh] done in 127ms @ http://localhost:3000/_next/static/chunks/node_modules_next_dist_1ybzpk2._.js:2489
[  172374ms] [LOG] [Fast Refresh] rebuilding @ http://localhost:3000/_next/static/chunks/node_modules_next_dist_1ybzpk2._.js:2489
[  172600ms] [LOG] [Fast Refresh] done in 113ms @ http://localhost:3000/_next/static/chunks/node_modules_next_dist_1ybzpk2._.js:2489
[  172614ms] [WARNING] %c%s%c ⚠ metadataBase property in metadata export is not set for resolving social open graph or twitter images, using "http://localhost:3000". See https://nextjs.org/docs/app/api-reference/functions/generate-metadata#metadatabase background: #e6e6e6;background: light-dark(rgba(0,0,0,0.1), rgba(255,255,255,0.25));color: #000000;color: light-dark(#000000, #ffffff);border-radius: 2px  Server   @ http://localhost:3000/_next/static/chunks/node_modules_next_dist_1ybzpk2._.js:2489
[  179769ms] [LOG] [Fast Refresh] rebuilding @ http://localhost:3000/_next/static/chunks/node_modules_next_dist_1ybzpk2._.js:2489
[  179919ms] [WARNING] %c%s%c ⚠ metadataBase property in metadata export is not set for resolving social open graph or twitter images, using "http://localhost:3000". See https://nextjs.org/docs/app/api-reference/functions/generate-metadata#metadatabase background: #e6e6e6;background: light-dark(rgba(0,0,0,0.1), rgba(255,255,255,0.25));color: #000000;color: light-dark(#000000, #ffffff);border-radius: 2px  Server   @ http://localhost:3000/_next/static/chunks/node_modules_next_dist_1ybzpk2._.js:2489
[  179920ms] [LOG] [Fast Refresh] done in 120ms @ http://localhost:3000/_next/static/chunks/node_modules_next_dist_1ybzpk2._.js:2489
[  188525ms] [LOG] [Fast Refresh] rebuilding @ http://localhost:3000/_next/static/chunks/node_modules_next_dist_1ybzpk2._.js:2489
[  188548ms] [LOG] [Fast Refresh] done in 96ms @ http://localhost:3000/_next/static/chunks/node_modules_next_dist_1ybzpk2._.js:2489
[  188651ms] [LOG] [Fast Refresh] rebuilding @ http://localhost:3000/_next/static/chunks/node_modules_next_dist_1ybzpk2._.js:2489
[  188744ms] [LOG] [Fast Refresh] done in 195ms @ http://localhost:3000/_next/static/chunks/node_modules_next_dist_1ybzpk2._.js:2489
[  188745ms] [WARNING] %c%s%c ⚠ metadataBase property in metadata export is not set for resolving social open graph or twitter images, using "http://localhost:3000". See https://nextjs.org/docs/app/api-reference/functions/generate-metadata#metadatabase background: #e6e6e6;background: light-dark(rgba(0,0,0,0.1), rgba(255,255,255,0.25));color: #000000;color: light-dark(#000000, #ffffff);border-radius: 2px  Server   @ http://localhost:3000/_next/static/chunks/node_modules_next_dist_1ybzpk2._.js:2489
[  202628ms] [LOG] [Fast Refresh] rebuilding @ http://localhost:3000/_next/static/chunks/node_modules_next_dist_1ybzpk2._.js:2489
[  202743ms] [LOG] [Fast Refresh] done in 80ms @ http://localhost:3000/_next/static/chunks/node_modules_next_dist_1ybzpk2._.js:2489
[  210689ms] [LOG] [Fast Refresh] rebuilding @ http://localhost:3000/_next/static/chunks/node_modules_next_dist_1ybzpk2._.js:2489
[  210994ms] [LOG] [Fast Refresh] done in 383ms @ http://localhost:3000/_next/static/chunks/node_modules_next_dist_1ybzpk2._.js:2489
[  211099ms] [LOG] [Fast Refresh] rebuilding @ http://localhost:3000/_next/static/chunks/node_modules_next_dist_1ybzpk2._.js:2489
[  211146ms] [LOG] [Fast Refresh] done in 150ms @ http://localhost:3000/_next/static/chunks/node_modules_next_dist_1ybzpk2._.js:2489
[  211320ms] [LOG] [Fast Refresh] rebuilding @ http://localhost:3000/_next/static/chunks/node_modules_next_dist_1ybzpk2._.js:2489
[  211346ms] [LOG] [Fast Refresh] done in 127ms @ http://localhost:3000/_next/static/chunks/node_modules_next_dist_1ybzpk2._.js:2489
[  211601ms] [LOG] [Fast Refresh] rebuilding @ http://localhost:3000/_next/static/chunks/node_modules_next_dist_1ybzpk2._.js:2489
[  211717ms] [LOG] [Fast Refresh] done in 217ms @ http://localhost:3000/_next/static/chunks/node_modules_next_dist_1ybzpk2._.js:2489
[  217343ms] [LOG] [Fast Refresh] rebuilding @ http://localhost:3000/_next/static/chunks/node_modules_next_dist_1ybzpk2._.js:2489
[  217518ms] [LOG] [Fast Refresh] done in 267ms @ http://localhost:3000/_next/static/chunks/node_modules_next_dist_1ybzpk2._.js:2489
[  217623ms] [LOG] [Fast Refresh] rebuilding @ http://localhost:3000/_next/static/chunks/node_modules_next_dist_1ybzpk2._.js:2489
[  217649ms] [LOG] [Fast Refresh] done in 130ms @ http://localhost:3000/_next/static/chunks/node_modules_next_dist_1ybzpk2._.js:2489
[  217813ms] [LOG] [Fast Refresh] rebuilding @ http://localhost:3000/_next/static/chunks/node_modules_next_dist_1ybzpk2._.js:2489
[  217848ms] [LOG] [Fast Refresh] done in 139ms @ http://localhost:3000/_next/static/chunks/node_modules_next_dist_1ybzpk2._.js:2489
[  224425ms] [LOG] [Fast Refresh] rebuilding @ http://localhost:3000/_next/static/chunks/node_modules_next_dist_1ybzpk2._.js:2489
[  224551ms] [LOG] [Fast Refresh] done in 195ms @ http://localhost:3000/_next/static/chunks/node_modules_next_dist_1ybzpk2._.js:2489
[  224646ms] [WARNING] %c%s%c ⚠ metadataBase property in metadata export is not set for resolving social open graph or twitter images, using "http://localhost:3000". See https://nextjs.org/docs/app/api-reference/functions/generate-metadata#metadatabase background: #e6e6e6;background: light-dark(rgba(0,0,0,0.1), rgba(255,255,255,0.25));color: #000000;color: light-dark(#000000, #ffffff);border-radius: 2px  Server   @ http://localhost:3000/_next/static/chunks/node_modules_next_dist_1ybzpk2._.js:2489
[  224658ms] [LOG] [Fast Refresh] rebuilding @ http://localhost:3000/_next/static/chunks/node_modules_next_dist_1ybzpk2._.js:2489
[  224668ms] [LOG] [Fast Refresh] done in 114ms @ http://localhost:3000/_next/static/chunks/node_modules_next_dist_1ybzpk2._.js:2489
[  224845ms] [LOG] [Fast Refresh] rebuilding @ http://localhost:3000/_next/static/chunks/node_modules_next_dist_1ybzpk2._.js:2489
[  224854ms] [LOG] [Fast Refresh] done in 109ms @ http://localhost:3000/_next/static/chunks/node_modules_next_dist_1ybzpk2._.js:2489
[  230321ms] [LOG] [Fast Refresh] rebuilding @ http://localhost:3000/_next/static/chunks/node_modules_next_dist_1ybzpk2._.js:2489
[  230501ms] [LOG] [Fast Refresh] done in 289ms @ http://localhost:3000/_next/static/chunks/node_modules_next_dist_1ybzpk2._.js:2489
[  230603ms] [LOG] [Fast Refresh] rebuilding @ http://localhost:3000/_next/static/chunks/node_modules_next_dist_1ybzpk2._.js:2489
[  230616ms] [WARNING] %c%s%c ⚠ metadataBase property in metadata export is not set for resolving social open graph or twitter images, using "http://localhost:3000". See https://nextjs.org/docs/app/api-reference/functions/generate-metadata#metadatabase background: #e6e6e6;background: light-dark(rgba(0,0,0,0.1), rgba(255,255,255,0.25));color: #000000;color: light-dark(#000000, #ffffff);border-radius: 2px  Server   @ http://localhost:3000/_next/static/chunks/node_modules_next_dist_1ybzpk2._.js:2489
[  230640ms] [LOG] [Fast Refresh] done in 138ms @ http://localhost:3000/_next/static/chunks/node_modules_next_dist_1ybzpk2._.js:2489
[  230807ms] [LOG] [Fast Refresh] rebuilding @ http://localhost:3000/_next/static/chunks/node_modules_next_dist_1ybzpk2._.js:2489
[  230836ms] [LOG] [Fast Refresh] done in 133ms @ http://localhost:3000/_next/static/chunks/node_modules_next_dist_1ybzpk2._.js:2489
[  236063ms] [LOG] [Fast Refresh] rebuilding @ http://localhost:3000/_next/static/chunks/node_modules_next_dist_1ybzpk2._.js:2489
[  236073ms] [LOG] [Fast Refresh] done in 106ms @ http://localhost:3000/_next/static/chunks/node_modules_next_dist_1ybzpk2._.js:2489
[  236174ms] [LOG] [Fast Refresh] rebuilding @ http://localhost:3000/_next/static/chunks/node_modules_next_dist_1ybzpk2._.js:2489
[  236191ms] [WARNING] %c%s%c ⚠ metadataBase property in metadata export is not set for resolving social open graph or twitter images, using "http://localhost:3000". See https://nextjs.org/docs/app/api-reference/functions/generate-metadata#metadatabase background: #e6e6e6;background: light-dark(rgba(0,0,0,0.1), rgba(255,255,255,0.25));color: #000000;color: light-dark(#000000, #ffffff);border-radius: 2px  Server   @ http://localhost:3000/_next/static/chunks/node_modules_next_dist_1ybzpk2._.js:2489
[  236215ms] [LOG] [Fast Refresh] done in 141ms @ http://localhost:3000/_next/static/chunks/node_modules_next_dist_1ybzpk2._.js:2489
[  245405ms] [LOG] [Fast Refresh] rebuilding @ http://localhost:3000/_next/static/chunks/node_modules_next_dist_1ybzpk2._.js:2489
[  245407ms] [LOG] [Fast Refresh] done in 106ms @ http://localhost:3000/_next/static/chunks/node_modules_next_dist_1ybzpk2._.js:2489
[  249325ms] [LOG] [Fast Refresh] rebuilding @ http://localhost:3000/_next/static/chunks/node_modules_next_dist_1ybzpk2._.js:2489
[  249348ms] [LOG] [Fast Refresh] done in 128ms @ http://localhost:3000/_next/static/chunks/node_modules_next_dist_1ybzpk2._.js:2489
[  251695ms] [LOG] [Fast Refresh] rebuilding @ http://localhost:3000/_next/static/chunks/node_modules_next_dist_1ybzpk2._.js:2489
[  251738ms] [LOG] [Fast Refresh] done in 149ms @ http://localhost:3000/_next/static/chunks/node_modules_next_dist_1ybzpk2._.js:2489
[  251856ms] [LOG] [Fast Refresh] rebuilding @ http://localhost:3000/_next/static/chunks/node_modules_next_dist_1ybzpk2._.js:2489
[  251997ms] [LOG] [Fast Refresh] done in 244ms @ http://localhost:3000/_next/static/chunks/node_modules_next_dist_1ybzpk2._.js:2489
[  253794ms] [LOG] [Fast Refresh] rebuilding @ http://localhost:3000/_next/static/chunks/node_modules_next_dist_1ybzpk2._.js:2489
[  253809ms] [LOG] [Fast Refresh] done in 117ms @ http://localhost:3000/_next/static/chunks/node_modules_next_dist_1ybzpk2._.js:2489
[  434045ms] [LOG] [Fast Refresh] rebuilding @ http://localhost:3000/_next/static/chunks/node_modules_next_dist_1ybzpk2._.js:2489
[  434052ms] [LOG] [Fast Refresh] done in 116ms @ http://localhost:3000/_next/static/chunks/node_modules_next_dist_1ybzpk2._.js:2489
[  439336ms] [LOG] [Fast Refresh] rebuilding @ http://localhost:3000/_next/static/chunks/node_modules_next_dist_1ybzpk2._.js:2489
[  439401ms] [LOG] [Fast Refresh] done in 154ms @ http://localhost:3000/_next/static/chunks/node_modules_next_dist_1ybzpk2._.js:2489
[  439504ms] [LOG] [Fast Refresh] rebuilding @ http://localhost:3000/_next/static/chunks/node_modules_next_dist_1ybzpk2._.js:2489
[  439657ms] [LOG] [Fast Refresh] done in 256ms @ http://localhost:3000/_next/static/chunks/node_modules_next_dist_1ybzpk2._.js:2489
[  439659ms] [WARNING] %c%s%c ⚠ metadataBase property in metadata export is not set for resolving social open graph or twitter images, using "http://localhost:3000". See https://nextjs.org/docs/app/api-reference/functions/generate-metadata#metadatabase background: #e6e6e6;background: light-dark(rgba(0,0,0,0.1), rgba(255,255,255,0.25));color: #000000;color: light-dark(#000000, #ffffff);border-radius: 2px  Server   @ http://localhost:3000/_next/static/chunks/node_modules_next_dist_1ybzpk2._.js:2489
[  456636ms] [LOG] [Fast Refresh] rebuilding @ http://localhost:3000/_next/static/chunks/node_modules_next_dist_1ybzpk2._.js:2489
[  456852ms] [LOG] [Fast Refresh] done in 114ms @ http://localhost:3000/_next/static/chunks/node_modules_next_dist_1ybzpk2._.js:2489
[  456855ms] [WARNING] %c%s%c ⚠ metadataBase property in metadata export is not set for resolving social open graph or twitter images, using "http://localhost:3000". See https://nextjs.org/docs/app/api-reference/functions/generate-metadata#metadatabase background: #e6e6e6;background: light-dark(rgba(0,0,0,0.1), rgba(255,255,255,0.25));color: #000000;color: light-dark(#000000, #ffffff);border-radius: 2px  Server   @ http://localhost:3000/_next/static/chunks/node_modules_next_dist_1ybzpk2._.js:2489
[  464987ms] [LOG] [Fast Refresh] rebuilding @ http://localhost:3000/_next/static/chunks/node_modules_next_dist_1ybzpk2._.js:2489
[  465064ms] [LOG] [Fast Refresh] done in 124ms @ http://localhost:3000/_next/static/chunks/node_modules_next_dist_1ybzpk2._.js:2489
[  554214ms] [LOG] [Fast Refresh] rebuilding @ http://localhost:3000/_next/static/chunks/node_modules_next_dist_1ybzpk2._.js:2489
[  554342ms] [LOG] [Fast Refresh] done in 115ms @ http://localhost:3000/_next/static/chunks/node_modules_next_dist_1ybzpk2._.js:2489
[  710825ms] [LOG] [Fast Refresh] rebuilding @ http://localhost:3000/_next/static/chunks/node_modules_next_dist_1ybzpk2._.js:2489
[  710972ms] [WARNING] %c%s%c ⚠ metadataBase property in metadata export is not set for resolving social open graph or twitter images, using "http://localhost:3000". See https://nextjs.org/docs/app/api-reference/functions/generate-metadata#metadatabase background: #e6e6e6;background: light-dark(rgba(0,0,0,0.1), rgba(255,255,255,0.25));color: #000000;color: light-dark(#000000, #ffffff);border-radius: 2px  Server   @ http://localhost:3000/_next/static/chunks/node_modules_next_dist_1ybzpk2._.js:2489
[  710994ms] [LOG] [Fast Refresh] done in 99ms @ http://localhost:3000/_next/static/chunks/node_modules_next_dist_1ybzpk2._.js:2489
[  720220ms] [LOG] [Fast Refresh] rebuilding @ http://localhost:3000/_next/static/chunks/node_modules_next_dist_1ybzpk2._.js:2489
[  720263ms] [LOG] [Fast Refresh] done in 150ms @ http://localhost:3000/_next/static/chunks/node_modules_next_dist_1ybzpk2._.js:2489
[  793274ms] [LOG] [Fast Refresh] rebuilding @ http://localhost:3000/_next/static/chunks/node_modules_next_dist_1ybzpk2._.js:2489
[  793488ms] [WARNING] %c%s%c ⚠ metadataBase property in metadata export is not set for resolving social open graph or twitter images, using "http://localhost:3000". See https://nextjs.org/docs/app/api-reference/functions/generate-metadata#metadatabase background: #e6e6e6;background: light-dark(rgba(0,0,0,0.1), rgba(255,255,255,0.25));color: #000000;color: light-dark(#000000, #ffffff);border-radius: 2px  Server   @ http://localhost:3000/_next/static/chunks/node_modules_next_dist_1ybzpk2._.js:2489
[  793488ms] [LOG] [Fast Refresh] done in 139ms @ http://localhost:3000/_next/static/chunks/node_modules_next_dist_1ybzpk2._.js:2489
[  807104ms] [LOG] [Fast Refresh] rebuilding @ http://localhost:3000/_next/static/chunks/node_modules_next_dist_1ybzpk2._.js:2489
[  807299ms] [WARNING] %c%s%c ⚠ metadataBase property in metadata export is not set for resolving social open graph or twitter images, using "http://localhost:3000". See https://nextjs.org/docs/app/api-reference/functions/generate-metadata#metadatabase background: #e6e6e6;background: light-dark(rgba(0,0,0,0.1), rgba(255,255,255,0.25));color: #000000;color: light-dark(#000000, #ffffff);border-radius: 2px  Server   @ http://localhost:3000/_next/static/chunks/node_modules_next_dist_1ybzpk2._.js:2489
[  807302ms] [LOG] [Fast Refresh] done in 132ms @ http://localhost:3000/_next/static/chunks/node_modules_next_dist_1ybzpk2._.js:2489
[ 1173399ms] [LOG] [Fast Refresh] rebuilding @ http://localhost:3000/_next/static/chunks/node_modules_next_dist_1ybzpk2._.js:2489
[ 1173752ms] [LOG] [Fast Refresh] done in 409ms @ http://localhost:3000/_next/static/chunks/node_modules_next_dist_1ybzpk2._.js:2489
[ 1173862ms] [LOG] [Fast Refresh] rebuilding @ http://localhost:3000/_next/static/chunks/node_modules_next_dist_1ybzpk2._.js:2489
[ 1174006ms] [LOG] [Fast Refresh] done in 53ms @ http://localhost:3000/_next/static/chunks/node_modules_next_dist_1ybzpk2._.js:2489
[ 1174008ms] [WARNING] %c%s%c ⚠ metadataBase property in metadata export is not set for resolving social open graph or twitter images, using "http://localhost:3000". See https://nextjs.org/docs/app/api-reference/functions/generate-metadata#metadatabase background: #e6e6e6;background: light-dark(rgba(0,0,0,0.1), rgba(255,255,255,0.25));color: #000000;color: light-dark(#000000, #ffffff);border-radius: 2px  Server   @ http://localhost:3000/_next/static/chunks/node_modules_next_dist_1ybzpk2._.js:2489
[ 1174112ms] [LOG] [Fast Refresh] rebuilding @ http://localhost:3000/_next/static/chunks/node_modules_next_dist_1ybzpk2._.js:2489
[ 1174198ms] [LOG] [Fast Refresh] done in 187ms @ http://localhost:3000/_next/static/chunks/node_modules_next_dist_1ybzpk2._.js:2489
[ 1174317ms] [LOG] [Fast Refresh] rebuilding @ http://localhost:3000/_next/static/chunks/node_modules_next_dist_1ybzpk2._.js:2489
[ 1174409ms] [LOG] [Fast Refresh] done in 195ms @ http://localhost:3000/_next/static/chunks/node_modules_next_dist_1ybzpk2._.js:2489
[ 1174634ms] [LOG] [Fast Refresh] rebuilding @ http://localhost:3000/_next/static/chunks/node_modules_next_dist_1ybzpk2._.js:2489
[ 1174792ms] [LOG] [Fast Refresh] done in 267ms @ http://localhost:3000/_next/static/chunks/node_modules_next_dist_1ybzpk2._.js:2489
[ 1174906ms] [LOG] [Fast Refresh] rebuilding @ http://localhost:3000/_next/static/chunks/node_modules_next_dist_1ybzpk2._.js:2489
[ 1174961ms] [LOG] [Fast Refresh] done in 154ms @ http://localhost:3000/_next/static/chunks/node_modules_next_dist_1ybzpk2._.js:2489
[ 1175076ms] [LOG] [Fast Refresh] rebuilding @ http://localhost:3000/_next/static/chunks/node_modules_next_dist_1ybzpk2._.js:2489
[ 1175099ms] [LOG] [Fast Refresh] done in 124ms @ http://localhost:3000/_next/static/chunks/node_modules_next_dist_1ybzpk2._.js:2489
[ 1175550ms] [LOG] [Fast Refresh] rebuilding @ http://localhost:3000/_next/static/chunks/node_modules_next_dist_1ybzpk2._.js:2489
[ 1175552ms] [LOG] [Fast Refresh] done in 103ms @ http://localhost:3000/_next/static/chunks/node_modules_next_dist_1ybzpk2._.js:2489
[ 1175715ms] [LOG] [Fast Refresh] rebuilding @ http://localhost:3000/_next/static/chunks/node_modules_next_dist_1ybzpk2._.js:2489
[ 1175872ms] [LOG] [Fast Refresh] done in 258ms @ http://localhost:3000/_next/static/chunks/node_modules_next_dist_1ybzpk2._.js:2489
[ 1180846ms] [LOG] [Fast Refresh] rebuilding @ http://localhost:3000/_next/static/chunks/node_modules_next_dist_1ybzpk2._.js:2489
[ 1180866ms] [LOG] [Fast Refresh] done in 120ms @ http://localhost:3000/_next/static/chunks/node_modules_next_dist_1ybzpk2._.js:2489
[ 1182656ms] [LOG] [Fast Refresh] rebuilding @ http://localhost:3000/_next/static/chunks/node_modules_next_dist_1ybzpk2._.js:2489
[ 1182663ms] [LOG] [Fast Refresh] done in 120ms @ http://localhost:3000/_next/static/chunks/node_modules_next_dist_1ybzpk2._.js:2489
[ 1183392ms] [LOG] [Fast Refresh] rebuilding @ http://localhost:3000/_next/static/chunks/node_modules_next_dist_1ybzpk2._.js:2489
[ 1183431ms] [LOG] [Fast Refresh] done in 144ms @ http://localhost:3000/_next/static/chunks/node_modules_next_dist_1ybzpk2._.js:2489
[ 1183592ms] [LOG] [Fast Refresh] rebuilding @ http://localhost:3000/_next/static/chunks/node_modules_next_dist_1ybzpk2._.js:2489
[ 1183600ms] [LOG] [Fast Refresh] done in 119ms @ http://localhost:3000/_next/static/chunks/node_modules_next_dist_1ybzpk2._.js:2489
[ 1184366ms] [LOG] [Fast Refresh] rebuilding @ http://localhost:3000/_next/static/chunks/node_modules_next_dist_1ybzpk2._.js:2489
[ 1184383ms] [LOG] [Fast Refresh] done in 121ms @ http://localhost:3000/_next/static/chunks/node_modules_next_dist_1ybzpk2._.js:2489
[ 1198377ms] [LOG] [Fast Refresh] rebuilding @ http://localhost:3000/_next/static/chunks/node_modules_next_dist_1ybzpk2._.js:2489
[ 1198559ms] [WARNING] %c%s%c ⚠ metadataBase property in metadata export is not set for resolving social open graph or twitter images, using "http://localhost:3000". See https://nextjs.org/docs/app/api-reference/functions/generate-metadata#metadatabase background: #e6e6e6;background: light-dark(rgba(0,0,0,0.1), rgba(255,255,255,0.25));color: #000000;color: light-dark(#000000, #ffffff);border-radius: 2px  Server   @ http://localhost:3000/_next/static/chunks/node_modules_next_dist_1ybzpk2._.js:2489
[ 1198582ms] [LOG] [Fast Refresh] done in 117ms @ http://localhost:3000/_next/static/chunks/node_modules_next_dist_1ybzpk2._.js:2489
[ 1198686ms] [LOG] [Fast Refresh] rebuilding @ http://localhost:3000/_next/static/chunks/node_modules_next_dist_1ybzpk2._.js:2489
[ 1198818ms] [LOG] [Fast Refresh] done in 236ms @ http://localhost:3000/_next/static/chunks/node_modules_next_dist_1ybzpk2._.js:2489
[ 1198999ms] [LOG] [Fast Refresh] rebuilding @ http://localhost:3000/_next/static/chunks/node_modules_next_dist_1ybzpk2._.js:2489
[ 1199119ms] [LOG] [Fast Refresh] done in 234ms @ http://localhost:3000/_next/static/chunks/node_modules_next_dist_1ybzpk2._.js:2489
[ 1199232ms] [LOG] [Fast Refresh] rebuilding @ http://localhost:3000/_next/static/chunks/node_modules_next_dist_1ybzpk2._.js:2489
[ 1199289ms] [LOG] [Fast Refresh] done in 166ms @ http://localhost:3000/_next/static/chunks/node_modules_next_dist_1ybzpk2._.js:2489
[ 1239972ms] [LOG] [Fast Refresh] rebuilding @ http://localhost:3000/_next/static/chunks/node_modules_next_dist_1ybzpk2._.js:2489
[ 1239972ms] [LOG] [Fast Refresh] done in 107ms @ http://localhost:3000/_next/static/chunks/node_modules_next_dist_1ybzpk2._.js:2489
[ 1254118ms] [LOG] [Fast Refresh] rebuilding @ http://localhost:3000/_next/static/chunks/node_modules_next_dist_1ybzpk2._.js:2489
[ 1254489ms] [LOG] [Fast Refresh] done in 484ms @ http://localhost:3000/_next/static/chunks/node_modules_next_dist_1ybzpk2._.js:2489
[ 1254596ms] [LOG] [Fast Refresh] rebuilding @ http://localhost:3000/_next/static/chunks/node_modules_next_dist_1ybzpk2._.js:2489
[ 1254639ms] [WARNING] %c%s%c ⚠ metadataBase property in metadata export is not set for resolving social open graph or twitter images, using "http://localhost:3000". See https://nextjs.org/docs/app/api-reference/functions/generate-metadata#metadatabase background: #e6e6e6;background: light-dark(rgba(0,0,0,0.1), rgba(255,255,255,0.25));color: #000000;color: light-dark(#000000, #ffffff);border-radius: 2px  Server   @ http://localhost:3000/_next/static/chunks/node_modules_next_dist_1ybzpk2._.js:2489
[ 1254640ms] [LOG] [Fast Refresh] done in 149ms @ http://localhost:3000/_next/static/chunks/node_modules_next_dist_1ybzpk2._.js:2489
[ 1254751ms] [LOG] [Fast Refresh] rebuilding @ http://localhost:3000/_next/static/chunks/node_modules_next_dist_1ybzpk2._.js:2489
[ 1254809ms] [LOG] [Fast Refresh] done in 168ms @ http://localhost:3000/_next/static/chunks/node_modules_next_dist_1ybzpk2._.js:2489
[ 1282424ms] [LOG] [Fast Refresh] rebuilding @ http://localhost:3000/_next/static/chunks/node_modules_next_dist_1ybzpk2._.js:2489
[ 1282425ms] [LOG] [Fast Refresh] done in 114ms @ http://localhost:3000/_next/static/chunks/node_modules_next_dist_1ybzpk2._.js:2489
[ 1307946ms] [LOG] [Fast Refresh] rebuilding @ http://localhost:3000/_next/static/chunks/node_modules_next_dist_1ybzpk2._.js:2489
[ 1307977ms] [LOG] [Fast Refresh] done in 134ms @ http://localhost:3000/_next/static/chunks/node_modules_next_dist_1ybzpk2._.js:2489
[ 1340795ms] [LOG] [Fast Refresh] rebuilding @ http://localhost:3000/_next/static/chunks/node_modules_next_dist_1ybzpk2._.js:2489
[ 1340818ms] [LOG] [Fast Refresh] done in 128ms @ http://localhost:3000/_next/static/chunks/node_modules_next_dist_1ybzpk2._.js:2489
[ 1341944ms] [LOG] [Fast Refresh] rebuilding @ http://localhost:3000/_next/static/chunks/node_modules_next_dist_1ybzpk2._.js:2489
[ 1341979ms] [LOG] [Fast Refresh] done in 136ms @ http://localhost:3000/_next/static/chunks/node_modules_next_dist_1ybzpk2._.js:2489
[ 1342964ms] [LOG] [Fast Refresh] rebuilding @ http://localhost:3000/_next/static/chunks/node_modules_next_dist_1ybzpk2._.js:2489
[ 1343006ms] [LOG] [Fast Refresh] done in 147ms @ http://localhost:3000/_next/static/chunks/node_modules_next_dist_1ybzpk2._.js:2489
[ 1343133ms] [LOG] [Fast Refresh] rebuilding @ http://localhost:3000/_next/static/chunks/node_modules_next_dist_1ybzpk2._.js:2489
[ 1343237ms] [LOG] [Fast Refresh] done in 218ms @ http://localhost:3000/_next/static/chunks/node_modules_next_dist_1ybzpk2._.js:2489
[ 1344662ms] [LOG] [Fast Refresh] rebuilding @ http://localhost:3000/_next/static/chunks/node_modules_next_dist_1ybzpk2._.js:2489
[ 1344686ms] [LOG] [Fast Refresh] done in 131ms @ http://localhost:3000/_next/static/chunks/node_modules_next_dist_1ybzpk2._.js:2489
[ 1375272ms] [LOG] [Fast Refresh] rebuilding @ http://localhost:3000/_next/static/chunks/node_modules_next_dist_1ybzpk2._.js:2489
[ 1375474ms] [LOG] [Fast Refresh] done in 276ms @ http://localhost:3000/_next/static/chunks/node_modules_next_dist_1ybzpk2._.js:2489
[ 1375574ms] [WARNING] %c%s%c ⚠ metadataBase property in metadata export is not set for resolving social open graph or twitter images, using "http://localhost:3000". See https://nextjs.org/docs/app/api-reference/functions/generate-metadata#metadatabase background: #e6e6e6;background: light-dark(rgba(0,0,0,0.1), rgba(255,255,255,0.25));color: #000000;color: light-dark(#000000, #ffffff);border-radius: 2px  Server   @ http://localhost:3000/_next/static/chunks/node_modules_next_dist_1ybzpk2._.js:2489
[ 1375581ms] [LOG] [Fast Refresh] rebuilding @ http://localhost:3000/_next/static/chunks/node_modules_next_dist_1ybzpk2._.js:2489
[ 1375596ms] [LOG] [Fast Refresh] done in 121ms @ http://localhost:3000/_next/static/chunks/node_modules_next_dist_1ybzpk2._.js:2489
[ 1375699ms] [LOG] [Fast Refresh] rebuilding @ http://localhost:3000/_next/static/chunks/node_modules_next_dist_1ybzpk2._.js:2489
[ 1375742ms] [LOG] [Fast Refresh] done in 145ms @ http://localhost:3000/_next/static/chunks/node_modules_next_dist_1ybzpk2._.js:2489
[ 1377635ms] [LOG] [Fast Refresh] rebuilding @ http://localhost:3000/_next/static/chunks/node_modules_next_dist_1ybzpk2._.js:2489
[ 1377832ms] [LOG] [Fast Refresh] done in 295ms @ http://localhost:3000/_next/static/chunks/node_modules_next_dist_1ybzpk2._.js:2489
[ 1377939ms] [LOG] [Fast Refresh] rebuilding @ http://localhost:3000/_next/static/chunks/node_modules_next_dist_1ybzpk2._.js:2489
[ 1377955ms] [LOG] [Fast Refresh] done in 123ms @ http://localhost:3000/_next/static/chunks/node_modules_next_dist_1ybzpk2._.js:2489
[ 1378117ms] [LOG] [Fast Refresh] rebuilding @ http://localhost:3000/_next/static/chunks/node_modules_next_dist_1ybzpk2._.js:2489
[ 1378201ms] [LOG] [Fast Refresh] done in 186ms @ http://localhost:3000/_next/static/chunks/node_modules_next_dist_1ybzpk2._.js:2489
[ 1378797ms] [LOG] [Fast Refresh] rebuilding @ http://localhost:3000/_next/static/chunks/node_modules_next_dist_1ybzpk2._.js:2489
[ 1378830ms] [LOG] [Fast Refresh] done in 139ms @ http://localhost:3000/_next/static/chunks/node_modules_next_dist_1ybzpk2._.js:2489
[ 1396991ms] [LOG] [Fast Refresh] rebuilding @ http://localhost:3000/_next/static/chunks/node_modules_next_dist_1ybzpk2._.js:2489
[ 1397181ms] [LOG] [Fast Refresh] done in 111ms @ http://localhost:3000/_next/static/chunks/node_modules_next_dist_1ybzpk2._.js:2489
[ 1410898ms] [LOG] [Fast Refresh] rebuilding @ http://localhost:3000/_next/static/chunks/node_modules_next_dist_1ybzpk2._.js:2489
[ 1411040ms] [LOG] [Fast Refresh] done in 85ms @ http://localhost:3000/_next/static/chunks/node_modules_next_dist_1ybzpk2._.js:2489
[ 1418677ms] [LOG] [Fast Refresh] rebuilding @ http://localhost:3000/_next/static/chunks/node_modules_next_dist_1ybzpk2._.js:2489
[ 1418741ms] [ERROR] ./src/components/HeroSection.tsx:173:16
Expected '</', got 'jsx text'
  171 |               mariages
  172 |             </a>
> 173 |           </h2>
      |                ^^^^^^^^^^^^^^^^^^^^^^^^^^^^^^^^^^^^^^^^^^^^^^^^^^^^^^^^^^^^^^^^^^^^^^^^^^^^^
> 174 |         </div>
      | ^^^^^^^^
  175 |       </div>
  176 |
  177 |       {/* Arrow + Social icons row */}

Parsing ecmascript source code failed

Import traces:
  Client Component Browser:
    ./src/components/HeroSection.tsx [Client Component Browser]
    ./src/app/page.tsx [Client Component Browser]
    ./src/app/page.tsx [Server Component]

  Client Component SSR:
    ./src/components/HeroSection.tsx [Client Component SSR]
    ./src/app/page.tsx [Client Component SSR]
    ./src/app/page.tsx [Server Component] @ http://localhost:3000/_next/static/chunks/node_modules_next_dist_1ybzpk2._.js:3330
[ 1418850ms] [LOG] [Fast Refresh] rebuilding @ http://localhost:3000/_next/static/chunks/node_modules_next_dist_1ybzpk2._.js:2489
[ 1419154ms] [ERROR] ./src/components/HeroSection.tsx:173:16
Expected '</', got 'jsx text'
  171 |               mariages
  172 |             </a>
> 173 |           </h2>
      |                ^^^^^^^^^^^^^^^^^^^^^^^^^^^^^^^^^^^^^^^^^^^^^^^^^^^^^^^^^^^^^^^^^^^^^^^^^^^^^
> 174 |         </div>
      | ^^^^^^^^
  175 |       </div>
  176 |
  177 |       {/* Arrow + Social icons row */}

Parsing ecmascript source code failed

Import traces:
  Client Component Browser:
    ./src/components/HeroSection.tsx [Client Component Browser]
    ./src/app/page.tsx [Client Component Browser]
    ./src/app/page.tsx [Server Component]

  Client Component SSR:
    ./src/components/HeroSection.tsx [Client Component SSR]
    ./src/app/page.tsx [Client Component SSR]
    ./src/app/page.tsx [Server Component] @ http://localhost:3000/_next/static/chunks/node_modules_next_dist_1ybzpk2._.js:3330
[ 1419216ms] [ERROR] ./src/components/HeroSection.tsx:173:16
Expected '</', got 'jsx text'
  171 |               mariages
  172 |             </a>
> 173 |           </h2>
      |                ^^^^^^^^^^^^^^^^^^^^^^^^^^^^^^^^^^^^^^^^^^^^^^^^^^^^^^^^^^^^^^^^^^^^^^^^^^^^^
> 174 |         </div>
      | ^^^^^^^^
  175 |       </div>
  176 |
  177 |       {/* Arrow + Social icons row */}

Parsing ecmascript source code failed

Import traces:
  Client Component Browser:
    ./src/components/HeroSection.tsx [Client Component Browser]
    ./src/app/page.tsx [Client Component Browser]
    ./src/app/page.tsx [Server Component]

  Client Component SSR:
    ./src/components/HeroSection.tsx [Client Component SSR]
    ./src/app/page.tsx [Client Component SSR]
    ./src/app/page.tsx [Server Component] @ http://localhost:3000/_next/static/chunks/node_modules_next_dist_1ybzpk2._.js:3330
[ 1419324ms] [LOG] [Fast Refresh] rebuilding @ http://localhost:3000/_next/static/chunks/node_modules_next_dist_1ybzpk2._.js:2489
[ 1419716ms] [ERROR] ./src/components/HeroSection.tsx:173:16
Expected '</', got 'jsx text'
  171 |               mariages
  172 |             </a>
> 173 |           </h2>
      |                ^^^^^^^^^^^^^^^^^^^^^^^^^^^^^^^^^^^^^^^^^^^^^^^^^^^^^^^^^^^^^^^^^^^^^^^^^^^^^
> 174 |         </div>
      | ^^^^^^^^
  175 |       </div>
  176 |
  177 |       {/* Arrow + Social icons row */}

Parsing ecmascript source code failed

Import traces:
  Client Component Browser:
    ./src/components/HeroSection.tsx [Client Component Browser]
    ./src/app/page.tsx [Client Component Browser]
    ./src/app/page.tsx [Server Component]

  Client Component SSR:
    ./src/components/HeroSection.tsx [Client Component SSR]
    ./src/app/page.tsx [Client Component SSR]
    ./src/app/page.tsx [Server Component] @ http://localhost:3000/_next/static/chunks/node_modules_next_dist_1ybzpk2._.js:3330
[ 1419717ms] [ERROR] Failed to load resource: the server responded with a status of 500 (Internal Server Error) @ http://localhost:3000/?_rsc=q3mOO9BClNZHexY7:0
[ 1419772ms] [ERROR] ./src/components/HeroSection.tsx:173:16
Expected '</', got 'jsx text'
  171 |               mariages
  172 |             </a>
> 173 |           </h2>
      |                ^^^^^^^^^^^^^^^^^^^^^^^^^^^^^^^^^^^^^^^^^^^^^^^^^^^^^^^^^^^^^^^^^^^^^^^^^^^^^
> 174 |         </div>
      | ^^^^^^^^
  175 |       </div>
  176 |
  177 |       {/* Arrow + Social icons row */}

Parsing ecmascript source code failed

Import traces:
  Client Component Browser:
    ./src/components/HeroSection.tsx [Client Component Browser]
    ./src/app/page.tsx [Client Component Browser]
    ./src/app/page.tsx [Server Component]

  Client Component SSR:
    ./src/components/HeroSection.tsx [Client Component SSR]
    ./src/app/page.tsx [Client Component SSR]
    ./src/app/page.tsx [Server Component] @ http://localhost:3000/_next/static/chunks/node_modules_next_dist_1ybzpk2._.js:3330
[ 1419796ms] [ERROR] Failed to load resource: the server responded with a status of 500 (Internal Server Error) @ http://localhost:3000/:0
[ 1419929ms] [INFO] %cDownload the React DevTools for a better development experience: https://react.dev/link/react-devtools font-weight:bold @ http://localhost:3000/_next/static/chunks/node_modules_react-dom_0kla17-._.js:15305
[ 1420016ms] Error: ./src/components/HeroSection.tsx:173:16
Expected '</', got 'jsx text'
  171 |               mariages
  172 |             </a>
> 173 |           </h2>
      |                ^^^^^^^^^^^^^^^^^^^^^^^^^^^^^^^^^^^^^^^^^^^^^^^^^^^^^^^^^^^^^^^^^^^^^^^^^^^^^
> 174 |         </div>
      | ^^^^^^^^
  175 |       </div>
  176 |
  177 |       {/* Arrow + Social icons row */}

Parsing ecmascript source code failed

Import traces:
  Client Component Browser:
    ./src/components/HeroSection.tsx [Client Component Browser]
    ./src/app/page.tsx [Client Component Browser]
    ./src/app/page.tsx [Server Component]

  Client Component SSR:
    ./src/components/HeroSection.tsx [Client Component SSR]
    ./src/app/page.tsx [Client Component SSR]
    ./src/app/page.tsx [Server Component]


    at <unknown> (Error: ./src/components/HeroSection.tsx:173:16)
    at Object.getCompilationErrors (file://C:\Users\Ultrapc\Desktop\photosite\node_modules\next\dist\server\dev\hot-reloader-turbopack.js:1186:59)
    at DevBundlerService.getCompilationError (file://C:\Users\Ultrapc\Desktop\photosite\node_modules\next\dist\server\lib\dev-bundler-service.js:44:55)
    at DevServer.getCompilationError (file://C:\Users\Ultrapc\Desktop\photosite\node_modules\next\dist\server\dev\next-dev-server.js:720:42)
    at DevServer.findPageComponents (file://C:\Users\Ultrapc\Desktop\photosite\node_modules\next\dist\server\dev\next-dev-server.js:690:43)
    at async DevServer.renderErrorToResponseImpl (file://C:\Users\Ultrapc\Desktop\photosite\node_modules\next\dist\server\base-server.js:1753:26)
[ 1420035ms] [LOG] [HMR] connected @ http://localhost:3000/_next/static/chunks/node_modules_next_dist_1gdrd03._.js:1226
[ 1420046ms] [ERROR] ./src/components/HeroSection.tsx:173:16
Expected '</', got 'jsx text'
  171 |               mariages
  172 |             </a>
> 173 |           </h2>
      |                ^^^^^^^^^^^^^^^^^^^^^^^^^^^^^^^^^^^^^^^^^^^^^^^^^^^^^^^^^^^^^^^^^^^^^^^^^^^^^
> 174 |         </div>
      | ^^^^^^^^
  175 |       </div>
  176 |
  177 |       {/* Arrow + Social icons row */}

Parsing ecmascript source code failed

Import traces:
  Client Component Browser:
    ./src/components/HeroSection.tsx [Client Component Browser]
    ./src/app/page.tsx [Client Component Browser]
    ./src/app/page.tsx [Server Component]

  Client Component SSR:
    ./src/components/HeroSection.tsx [Client Component SSR]
    ./src/app/page.tsx [Client Component SSR]
    ./src/app/page.tsx [Server Component] @ http://localhost:3000/_next/static/chunks/node_modules_next_dist_1gdrd03._.js:1945
[ 1420079ms] [ERROR] ./src/components/HeroSection.tsx:173:16
Expected '</', got 'jsx text'
  171 |               mariages
  172 |             </a>
> 173 |           </h2>
      |                ^^^^^^^^^^^^^^^^^^^^^^^^^^^^^^^^^^^^^^^^^^^^^^^^^^^^^^^^^^^^^^^^^^^^^^^^^^^^^
> 174 |         </div>
      | ^^^^^^^^
  175 |       </div>
  176 |
  177 |       {/* Arrow + Social icons row */}

Parsing ecmascript source code failed

Import traces:
  Client Component Browser:
    ./src/components/HeroSection.tsx [Client Component Browser]
    ./src/app/page.tsx [Client Component Browser]
    ./src/app/page.tsx [Server Component]

  Client Component SSR:
    ./src/components/HeroSection.tsx [Client Component SSR]
    ./src/app/page.tsx [Client Component SSR]
    ./src/app/page.tsx [Server Component] @ http://localhost:3000/_next/static/chunks/node_modules_next_dist_1gdrd03._.js:1945
[ 1420134ms] [ERROR] ./src/components/HeroSection.tsx:173:16
Expected '</', got 'jsx text'
  171 |               mariages
  172 |             </a>
> 173 |           </h2>
      |                ^^^^^^^^^^^^^^^^^^^^^^^^^^^^^^^^^^^^^^^^^^^^^^^^^^^^^^^^^^^^^^^^^^^^^^^^^^^^^
> 174 |         </div>
      | ^^^^^^^^
  175 |       </div>
  176 |
  177 |       {/* Arrow + Social icons row */}

Parsing ecmascript source code failed

Import traces:
  Client Component Browser:
    ./src/components/HeroSection.tsx [Client Component Browser]
    ./src/app/page.tsx [Client Component Browser]
    ./src/app/page.tsx [Server Component]

  Client Component SSR:
    ./src/components/HeroSection.tsx [Client Component SSR]
    ./src/app/page.tsx [Client Component SSR]
    ./src/app/page.tsx [Server Component] @ http://localhost:3000/_next/static/chunks/node_modules_next_dist_1gdrd03._.js:1945
[ 1420181ms] [ERROR] ./src/components/HeroSection.tsx:173:16
Expected '</', got 'jsx text'
  171 |               mariages
  172 |             </a>
> 173 |           </h2>
      |                ^^^^^^^^^^^^^^^^^^^^^^^^^^^^^^^^^^^^^^^^^^^^^^^^^^^^^^^^^^^^^^^^^^^^^^^^^^^^^
> 174 |         </div>
      | ^^^^^^^^
  175 |       </div>
  176 |
  177 |       {/* Arrow + Social icons row */}

Parsing ecmascript source code failed

Import traces:
  Client Component Browser:
    ./src/components/HeroSection.tsx [Client Component Browser]
    ./src/app/page.tsx [Client Component Browser]
    ./src/app/page.tsx [Server Component]

  Client Component SSR:
    ./src/components/HeroSection.tsx [Client Component SSR]
    ./src/app/page.tsx [Client Component SSR]
    ./src/app/page.tsx [Server Component] @ http://localhost:3000/_next/static/chunks/node_modules_next_dist_1gdrd03._.js:1945
[ 1420231ms] [ERROR] ./src/components/HeroSection.tsx:173:16
Expected '</', got 'jsx text'
  171 |               mariages
  172 |             </a>
> 173 |           </h2>
      |                ^^^^^^^^^^^^^^^^^^^^^^^^^^^^^^^^^^^^^^^^^^^^^^^^^^^^^^^^^^^^^^^^^^^^^^^^^^^^^
> 174 |         </div>
      | ^^^^^^^^
  175 |       </div>
  176 |
  177 |       {/* Arrow + Social icons row */}

Parsing ecmascript source code failed

Import traces:
  Client Component Browser:
    ./src/components/HeroSection.tsx [Client Component Browser]
    ./src/app/page.tsx [Client Component Browser]
    ./src/app/page.tsx [Server Component]

  Client Component SSR:
    ./src/components/HeroSection.tsx [Client Component SSR]
    ./src/app/page.tsx [Client Component SSR]
    ./src/app/page.tsx [Server Component] @ http://localhost:3000/_next/static/chunks/node_modules_next_dist_1gdrd03._.js:1945
[ 1420291ms] [ERROR] ./src/components/HeroSection.tsx:173:16
Expected '</', got 'jsx text'
  171 |               mariages
  172 |             </a>
> 173 |           </h2>
      |                ^^^^^^^^^^^^^^^^^^^^^^^^^^^^^^^^^^^^^^^^^^^^^^^^^^^^^^^^^^^^^^^^^^^^^^^^^^^^^
> 174 |         </div>
      | ^^^^^^^^
  175 |       </div>
  176 |
  177 |       {/* Arrow + Social icons row */}

Parsing ecmascript source code failed

Import traces:
  Client Component Browser:
    ./src/components/HeroSection.tsx [Client Component Browser]
    ./src/app/page.tsx [Client Component Browser]
    ./src/app/page.tsx [Server Component]

  Client Component SSR:
    ./src/components/HeroSection.tsx [Client Component SSR]
    ./src/app/page.tsx [Client Component SSR]
    ./src/app/page.tsx [Server Component] @ http://localhost:3000/_next/static/chunks/node_modules_next_dist_1gdrd03._.js:1945
[ 1420344ms] [ERROR] ./src/components/HeroSection.tsx:173:16
Expected '</', got 'jsx text'
  171 |               mariages
  172 |             </a>
> 173 |           </h2>
      |                ^^^^^^^^^^^^^^^^^^^^^^^^^^^^^^^^^^^^^^^^^^^^^^^^^^^^^^^^^^^^^^^^^^^^^^^^^^^^^
> 174 |         </div>
      | ^^^^^^^^
  175 |       </div>
  176 |
  177 |       {/* Arrow + Social icons row */}

Parsing ecmascript source code failed

Import traces:
  Client Component Browser:
    ./src/components/HeroSection.tsx [Client Component Browser]
    ./src/app/page.tsx [Client Component Browser]
    ./src/app/page.tsx [Server Component]

  Client Component SSR:
    ./src/components/HeroSection.tsx [Client Component SSR]
    ./src/app/page.tsx [Client Component SSR]
    ./src/app/page.tsx [Server Component] @ http://localhost:3000/_next/static/chunks/node_modules_next_dist_1gdrd03._.js:1945
[ 1420408ms] [ERROR] ./src/components/HeroSection.tsx:173:16
Expected '</', got 'jsx text'
  171 |               mariages
  172 |             </a>
> 173 |           </h2>
      |                ^^^^^^^^^^^^^^^^^^^^^^^^^^^^^^^^^^^^^^^^^^^^^^^^^^^^^^^^^^^^^^^^^^^^^^^^^^^^^
> 174 |         </div>
      | ^^^^^^^^
  175 |       </div>
  176 |
  177 |       {/* Arrow + Social icons row */}

Parsing ecmascript source code failed

Import traces:
  Client Component Browser:
    ./src/components/HeroSection.tsx [Client Component Browser]
    ./src/app/page.tsx [Client Component Browser]
    ./src/app/page.tsx [Server Component]

  Client Component SSR:
    ./src/components/HeroSection.tsx [Client Component SSR]
    ./src/app/page.tsx [Client Component SSR]
    ./src/app/page.tsx [Server Component] @ http://localhost:3000/_next/static/chunks/node_modules_next_dist_1gdrd03._.js:1945
[ 1420483ms] [ERROR] ./src/components/HeroSection.tsx:173:16
Expected '</', got 'jsx text'
  171 |               mariages
  172 |             </a>
> 173 |           </h2>
      |                ^^^^^^^^^^^^^^^^^^^^^^^^^^^^^^^^^^^^^^^^^^^^^^^^^^^^^^^^^^^^^^^^^^^^^^^^^^^^^
> 174 |         </div>
      | ^^^^^^^^
  175 |       </div>
  176 |
  177 |       {/* Arrow + Social icons row */}

Parsing ecmascript source code failed

Import traces:
  Client Component Browser:
    ./src/components/HeroSection.tsx [Client Component Browser]
    ./src/app/page.tsx [Client Component Browser]
    ./src/app/page.tsx [Server Component]

  Client Component SSR:
    ./src/components/HeroSection.tsx [Client Component SSR]
    ./src/app/page.tsx [Client Component SSR]
    ./src/app/page.tsx [Server Component] @ http://localhost:3000/_next/static/chunks/node_modules_next_dist_1gdrd03._.js:1945
[ 1420547ms] [ERROR] ./src/components/HeroSection.tsx:173:16
Expected '</', got 'jsx text'
  171 |               mariages
  172 |             </a>
> 173 |           </h2>
      |                ^^^^^^^^^^^^^^^^^^^^^^^^^^^^^^^^^^^^^^^^^^^^^^^^^^^^^^^^^^^^^^^^^^^^^^^^^^^^^
> 174 |         </div>
      | ^^^^^^^^
  175 |       </div>
  176 |
  177 |       {/* Arrow + Social icons row */}

Parsing ecmascript source code failed

Import traces:
  Client Component Browser:
    ./src/components/HeroSection.tsx [Client Component Browser]
    ./src/app/page.tsx [Client Component Browser]
    ./src/app/page.tsx [Server Component]

  Client Component SSR:
    ./src/components/HeroSection.tsx [Client Component SSR]
    ./src/app/page.tsx [Client Component SSR]
    ./src/app/page.tsx [Server Component] @ http://localhost:3000/_next/static/chunks/node_modules_next_dist_1gdrd03._.js:1945
[ 1420610ms] [ERROR] ./src/components/HeroSection.tsx:173:16
Expected '</', got 'jsx text'
  171 |               mariages
  172 |             </a>
> 173 |           </h2>
      |                ^^^^^^^^^^^^^^^^^^^^^^^^^^^^^^^^^^^^^^^^^^^^^^^^^^^^^^^^^^^^^^^^^^^^^^^^^^^^^
> 174 |         </div>
      | ^^^^^^^^
  175 |       </div>
  176 |
  177 |       {/* Arrow + Social icons row */}

Parsing ecmascript source code failed

Import traces:
  Client Component Browser:
    ./src/components/HeroSection.tsx [Client Component Browser]
    ./src/app/page.tsx [Client Component Browser]
    ./src/app/page.tsx [Server Component]

  Client Component SSR:
    ./src/components/HeroSection.tsx [Client Component SSR]
    ./src/app/page.tsx [Client Component SSR]
    ./src/app/page.tsx [Server Component] @ http://localhost:3000/_next/static/chunks/node_modules_next_dist_1gdrd03._.js:1945
[ 1420677ms] [ERROR] ./src/components/HeroSection.tsx:173:16
Expected '</', got 'jsx text'
  171 |               mariages
  172 |             </a>
> 173 |           </h2>
      |                ^^^^^^^^^^^^^^^^^^^^^^^^^^^^^^^^^^^^^^^^^^^^^^^^^^^^^^^^^^^^^^^^^^^^^^^^^^^^^
> 174 |         </div>
      | ^^^^^^^^
  175 |       </div>
  176 |
  177 |       {/* Arrow + Social icons row */}

Parsing ecmascript source code failed

Import traces:
  Client Component Browser:
    ./src/components/HeroSection.tsx [Client Component Browser]
    ./src/app/page.tsx [Client Component Browser]
    ./src/app/page.tsx [Server Component]

  Client Component SSR:
    ./src/components/HeroSection.tsx [Client Component SSR]
    ./src/app/page.tsx [Client Component SSR]
    ./src/app/page.tsx [Server Component] @ http://localhost:3000/_next/static/chunks/node_modules_next_dist_1gdrd03._.js:1945
[ 1420741ms] [ERROR] ./src/components/HeroSection.tsx:173:16
Expected '</', got 'jsx text'
  171 |               mariages
  172 |             </a>
> 173 |           </h2>
      |                ^^^^^^^^^^^^^^^^^^^^^^^^^^^^^^^^^^^^^^^^^^^^^^^^^^^^^^^^^^^^^^^^^^^^^^^^^^^^^
> 174 |         </div>
      | ^^^^^^^^
  175 |       </div>
  176 |
  177 |       {/* Arrow + Social icons row */}

Parsing ecmascript source code failed

Import traces:
  Client Component Browser:
    ./src/components/HeroSection.tsx [Client Component Browser]
    ./src/app/page.tsx [Client Component Browser]
    ./src/app/page.tsx [Server Component]

  Client Component SSR:
    ./src/components/HeroSection.tsx [Client Component SSR]
    ./src/app/page.tsx [Client Component SSR]
    ./src/app/page.tsx [Server Component] @ http://localhost:3000/_next/static/chunks/node_modules_next_dist_1gdrd03._.js:1945
[ 1420807ms] [ERROR] ./src/components/HeroSection.tsx:173:16
Expected '</', got 'jsx text'
  171 |               mariages
  172 |             </a>
> 173 |           </h2>
      |                ^^^^^^^^^^^^^^^^^^^^^^^^^^^^^^^^^^^^^^^^^^^^^^^^^^^^^^^^^^^^^^^^^^^^^^^^^^^^^
> 174 |         </div>
      | ^^^^^^^^
  175 |       </div>
  176 |
  177 |       {/* Arrow + Social icons row */}

Parsing ecmascript source code failed

Import traces:
  Client Component Browser:
    ./src/components/HeroSection.tsx [Client Component Browser]
    ./src/app/page.tsx [Client Component Browser]
    ./src/app/page.tsx [Server Component]

  Client Component SSR:
    ./src/components/HeroSection.tsx [Client Component SSR]
    ./src/app/page.tsx [Client Component SSR]
    ./src/app/page.tsx [Server Component] @ http://localhost:3000/_next/static/chunks/node_modules_next_dist_1gdrd03._.js:1945
[ 1420867ms] [ERROR] ./src/components/HeroSection.tsx:173:16
Expected '</', got 'jsx text'
  171 |               mariages
  172 |             </a>
> 173 |           </h2>
      |                ^^^^^^^^^^^^^^^^^^^^^^^^^^^^^^^^^^^^^^^^^^^^^^^^^^^^^^^^^^^^^^^^^^^^^^^^^^^^^
> 174 |         </div>
      | ^^^^^^^^
  175 |       </div>
  176 |
  177 |       {/* Arrow + Social icons row */}

Parsing ecmascript source code failed

Import traces:
  Client Component Browser:
    ./src/components/HeroSection.tsx [Client Component Browser]
    ./src/app/page.tsx [Client Component Browser]
    ./src/app/page.tsx [Server Component]

  Client Component SSR:
    ./src/components/HeroSection.tsx [Client Component SSR]
    ./src/app/page.tsx [Client Component SSR]
    ./src/app/page.tsx [Server Component] @ http://localhost:3000/_next/static/chunks/node_modules_next_dist_1gdrd03._.js:1945
[ 1420922ms] [ERROR] ./src/components/HeroSection.tsx:173:16
Expected '</', got 'jsx text'
  171 |               mariages
  172 |             </a>
> 173 |           </h2>
      |                ^^^^^^^^^^^^^^^^^^^^^^^^^^^^^^^^^^^^^^^^^^^^^^^^^^^^^^^^^^^^^^^^^^^^^^^^^^^^^
> 174 |         </div>
      | ^^^^^^^^
  175 |       </div>
  176 |
  177 |       {/* Arrow + Social icons row */}

Parsing ecmascript source code failed

Import traces:
  Client Component Browser:
    ./src/components/HeroSection.tsx [Client Component Browser]
    ./src/app/page.tsx [Client Component Browser]
    ./src/app/page.tsx [Server Component]

  Client Component SSR:
    ./src/components/HeroSection.tsx [Client Component SSR]
    ./src/app/page.tsx [Client Component SSR]
    ./src/app/page.tsx [Server Component] @ http://localhost:3000/_next/static/chunks/node_modules_next_dist_1gdrd03._.js:1945
[ 1420986ms] [ERROR] ./src/components/HeroSection.tsx:173:16
Expected '</', got 'jsx text'
  171 |               mariages
  172 |             </a>
> 173 |           </h2>
      |                ^^^^^^^^^^^^^^^^^^^^^^^^^^^^^^^^^^^^^^^^^^^^^^^^^^^^^^^^^^^^^^^^^^^^^^^^^^^^^
> 174 |         </div>
      | ^^^^^^^^
  175 |       </div>
  176 |
  177 |       {/* Arrow + Social icons row */}

Parsing ecmascript source code failed

Import traces:
  Client Component Browser:
    ./src/components/HeroSection.tsx [Client Component Browser]
    ./src/app/page.tsx [Client Component Browser]
    ./src/app/page.tsx [Server Component]

  Client Component SSR:
    ./src/components/HeroSection.tsx [Client Component SSR]
    ./src/app/page.tsx [Client Component SSR]
    ./src/app/page.tsx [Server Component] @ http://localhost:3000/_next/static/chunks/node_modules_next_dist_1gdrd03._.js:1945
[ 1421049ms] [ERROR] ./src/components/HeroSection.tsx:173:16
Expected '</', got 'jsx text'
  171 |               mariages
  172 |             </a>
> 173 |           </h2>
      |                ^^^^^^^^^^^^^^^^^^^^^^^^^^^^^^^^^^^^^^^^^^^^^^^^^^^^^^^^^^^^^^^^^^^^^^^^^^^^^
> 174 |         </div>
      | ^^^^^^^^
  175 |       </div>
  176 |
  177 |       {/* Arrow + Social icons row */}

Parsing ecmascript source code failed

Import traces:
  Client Component Browser:
    ./src/components/HeroSection.tsx [Client Component Browser]
    ./src/app/page.tsx [Client Component Browser]
    ./src/app/page.tsx [Server Component]

  Client Component SSR:
    ./src/components/HeroSection.tsx [Client Component SSR]
    ./src/app/page.tsx [Client Component SSR]
    ./src/app/page.tsx [Server Component] @ http://localhost:3000/_next/static/chunks/node_modules_next_dist_1gdrd03._.js:1945
[ 1421113ms] [ERROR] ./src/components/HeroSection.tsx:173:16
Expected '</', got 'jsx text'
  171 |               mariages
  172 |             </a>
> 173 |           </h2>
      |                ^^^^^^^^^^^^^^^^^^^^^^^^^^^^^^^^^^^^^^^^^^^^^^^^^^^^^^^^^^^^^^^^^^^^^^^^^^^^^
> 174 |         </div>
      | ^^^^^^^^
  175 |       </div>
  176 |
  177 |       {/* Arrow + Social icons row */}

Parsing ecmascript source code failed

Import traces:
  Client Component Browser:
    ./src/components/HeroSection.tsx [Client Component Browser]
    ./src/app/page.tsx [Client Component Browser]
    ./src/app/page.tsx [Server Component]

  Client Component SSR:
    ./src/components/HeroSection.tsx [Client Component SSR]
    ./src/app/page.tsx [Client Component SSR]
    ./src/app/page.tsx [Server Component] @ http://localhost:3000/_next/static/chunks/node_modules_next_dist_1gdrd03._.js:1945
[ 1421177ms] [ERROR] ./src/components/HeroSection.tsx:173:16
Expected '</', got 'jsx text'
  171 |               mariages
  172 |             </a>
> 173 |           </h2>
      |                ^^^^^^^^^^^^^^^^^^^^^^^^^^^^^^^^^^^^^^^^^^^^^^^^^^^^^^^^^^^^^^^^^^^^^^^^^^^^^
> 174 |         </div>
      | ^^^^^^^^
  175 |       </div>
  176 |
  177 |       {/* Arrow + Social icons row */}

Parsing ecmascript source code failed

Import traces:
  Client Component Browser:
    ./src/components/HeroSection.tsx [Client Component Browser]
    ./src/app/page.tsx [Client Component Browser]
    ./src/app/page.tsx [Server Component]

  Client Component SSR:
    ./src/components/HeroSection.tsx [Client Component SSR]
    ./src/app/page.tsx [Client Component SSR]
    ./src/app/page.tsx [Server Component] @ http://localhost:3000/_next/static/chunks/node_modules_next_dist_1gdrd03._.js:1945
[ 1421240ms] [ERROR] ./src/components/HeroSection.tsx:173:16
Expected '</', got 'jsx text'
  171 |               mariages
  172 |             </a>
> 173 |           </h2>
      |                ^^^^^^^^^^^^^^^^^^^^^^^^^^^^^^^^^^^^^^^^^^^^^^^^^^^^^^^^^^^^^^^^^^^^^^^^^^^^^
> 174 |         </div>
      | ^^^^^^^^
  175 |       </div>
  176 |
  177 |       {/* Arrow + Social icons row */}

Parsing ecmascript source code failed

Import traces:
  Client Component Browser:
    ./src/components/HeroSection.tsx [Client Component Browser]
    ./src/app/page.tsx [Client Component Browser]
    ./src/app/page.tsx [Server Component]

  Client Component SSR:
    ./src/components/HeroSection.tsx [Client Component SSR]
    ./src/app/page.tsx [Client Component SSR]
    ./src/app/page.tsx [Server Component] @ http://localhost:3000/_next/static/chunks/node_modules_next_dist_1gdrd03._.js:1945
[ 1421303ms] [ERROR] ./src/components/HeroSection.tsx:173:16
Expected '</', got 'jsx text'
  171 |               mariages
  172 |             </a>
> 173 |           </h2>
      |                ^^^^^^^^^^^^^^^^^^^^^^^^^^^^^^^^^^^^^^^^^^^^^^^^^^^^^^^^^^^^^^^^^^^^^^^^^^^^^
> 174 |         </div>
      | ^^^^^^^^
  175 |       </div>
  176 |
  177 |       {/* Arrow + Social icons row */}

Parsing ecmascript source code failed

Import traces:
  Client Component Browser:
    ./src/components/HeroSection.tsx [Client Component Browser]
    ./src/app/page.tsx [Client Component Browser]
    ./src/app/page.tsx [Server Component]

  Client Component SSR:
    ./src/components/HeroSection.tsx [Client Component SSR]
    ./src/app/page.tsx [Client Component SSR]
    ./src/app/page.tsx [Server Component] @ http://localhost:3000/_next/static/chunks/node_modules_next_dist_1gdrd03._.js:1945
[ 1421367ms] [ERROR] ./src/components/HeroSection.tsx:173:16
Expected '</', got 'jsx text'
  171 |               mariages
  172 |             </a>
> 173 |           </h2>
      |                ^^^^^^^^^^^^^^^^^^^^^^^^^^^^^^^^^^^^^^^^^^^^^^^^^^^^^^^^^^^^^^^^^^^^^^^^^^^^^
> 174 |         </div>
      | ^^^^^^^^
  175 |       </div>
  176 |
  177 |       {/* Arrow + Social icons row */}

Parsing ecmascript source code failed

Import traces:
  Client Component Browser:
    ./src/components/HeroSection.tsx [Client Component Browser]
    ./src/app/page.tsx [Client Component Browser]
    ./src/app/page.tsx [Server Component]

  Client Component SSR:
    ./src/components/HeroSection.tsx [Client Component SSR]
    ./src/app/page.tsx [Client Component SSR]
    ./src/app/page.tsx [Server Component] @ http://localhost:3000/_next/static/chunks/node_modules_next_dist_1gdrd03._.js:1945
[ 1421429ms] [ERROR] ./src/components/HeroSection.tsx:173:16
Expected '</', got 'jsx text'
  171 |               mariages
  172 |             </a>
> 173 |           </h2>
      |                ^^^^^^^^^^^^^^^^^^^^^^^^^^^^^^^^^^^^^^^^^^^^^^^^^^^^^^^^^^^^^^^^^^^^^^^^^^^^^
> 174 |         </div>
      | ^^^^^^^^
  175 |       </div>
  176 |
  177 |       {/* Arrow + Social icons row */}

Parsing ecmascript source code failed

Import traces:
  Client Component Browser:
    ./src/components/HeroSection.tsx [Client Component Browser]
    ./src/app/page.tsx [Client Component Browser]
    ./src/app/page.tsx [Server Component]

  Client Component SSR:
    ./src/components/HeroSection.tsx [Client Component SSR]
    ./src/app/page.tsx [Client Component SSR]
    ./src/app/page.tsx [Server Component] @ http://localhost:3000/_next/static/chunks/node_modules_next_dist_1gdrd03._.js:1945
[ 1421492ms] [ERROR] ./src/components/HeroSection.tsx:173:16
Expected '</', got 'jsx text'
  171 |               mariages
  172 |             </a>
> 173 |           </h2>
      |                ^^^^^^^^^^^^^^^^^^^^^^^^^^^^^^^^^^^^^^^^^^^^^^^^^^^^^^^^^^^^^^^^^^^^^^^^^^^^^
> 174 |         </div>
      | ^^^^^^^^
  175 |       </div>
  176 |
  177 |       {/* Arrow + Social icons row */}

Parsing ecmascript source code failed

Import traces:
  Client Component Browser:
    ./src/components/HeroSection.tsx [Client Component Browser]
    ./src/app/page.tsx [Client Component Browser]
    ./src/app/page.tsx [Server Component]

  Client Component SSR:
    ./src/components/HeroSection.tsx [Client Component SSR]
    ./src/app/page.tsx [Client Component SSR]
    ./src/app/page.tsx [Server Component] @ http://localhost:3000/_next/static/chunks/node_modules_next_dist_1gdrd03._.js:1945
[ 1421555ms] [ERROR] ./src/components/HeroSection.tsx:173:16
Expected '</', got 'jsx text'
  171 |               mariages
  172 |             </a>
> 173 |           </h2>
      |                ^^^^^^^^^^^^^^^^^^^^^^^^^^^^^^^^^^^^^^^^^^^^^^^^^^^^^^^^^^^^^^^^^^^^^^^^^^^^^
> 174 |         </div>
      | ^^^^^^^^
  175 |       </div>
  176 |
  177 |       {/* Arrow + Social icons row */}

Parsing ecmascript source code failed

Import traces:
  Client Component Browser:
    ./src/components/HeroSection.tsx [Client Component Browser]
    ./src/app/page.tsx [Client Component Browser]
    ./src/app/page.tsx [Server Component]

  Client Component SSR:
    ./src/components/HeroSection.tsx [Client Component SSR]
    ./src/app/page.tsx [Client Component SSR]
    ./src/app/page.tsx [Server Component] @ http://localhost:3000/_next/static/chunks/node_modules_next_dist_1gdrd03._.js:1945
[ 1421620ms] [ERROR] ./src/components/HeroSection.tsx:173:16
Expected '</', got 'jsx text'
  171 |               mariages
  172 |             </a>
> 173 |           </h2>
      |                ^^^^^^^^^^^^^^^^^^^^^^^^^^^^^^^^^^^^^^^^^^^^^^^^^^^^^^^^^^^^^^^^^^^^^^^^^^^^^
> 174 |         </div>
      | ^^^^^^^^
  175 |       </div>
  176 |
  177 |       {/* Arrow + Social icons row */}

Parsing ecmascript source code failed

Import traces:
  Client Component Browser:
    ./src/components/HeroSection.tsx [Client Component Browser]
    ./src/app/page.tsx [Client Component Browser]
    ./src/app/page.tsx [Server Component]

  Client Component SSR:
    ./src/components/HeroSection.tsx [Client Component SSR]
    ./src/app/page.tsx [Client Component SSR]
    ./src/app/page.tsx [Server Component] @ http://localhost:3000/_next/static/chunks/node_modules_next_dist_1gdrd03._.js:1945
[ 1421683ms] [ERROR] ./src/components/HeroSection.tsx:173:16
Expected '</', got 'jsx text'
  171 |               mariages
  172 |             </a>
> 173 |           </h2>
      |                ^^^^^^^^^^^^^^^^^^^^^^^^^^^^^^^^^^^^^^^^^^^^^^^^^^^^^^^^^^^^^^^^^^^^^^^^^^^^^
> 174 |         </div>
      | ^^^^^^^^
  175 |       </div>
  176 |
  177 |       {/* Arrow + Social icons row */}

Parsing ecmascript source code failed

Import traces:
  Client Component Browser:
    ./src/components/HeroSection.tsx [Client Component Browser]
    ./src/app/page.tsx [Client Component Browser]
    ./src/app/page.tsx [Server Component]

  Client Component SSR:
    ./src/components/HeroSection.tsx [Client Component SSR]
    ./src/app/page.tsx [Client Component SSR]
    ./src/app/page.tsx [Server Component] @ http://localhost:3000/_next/static/chunks/node_modules_next_dist_1gdrd03._.js:1945
[ 1421747ms] [ERROR] ./src/components/HeroSection.tsx:173:16
Expected '</', got 'jsx text'
  171 |               mariages
  172 |             </a>
> 173 |           </h2>
      |                ^^^^^^^^^^^^^^^^^^^^^^^^^^^^^^^^^^^^^^^^^^^^^^^^^^^^^^^^^^^^^^^^^^^^^^^^^^^^^
> 174 |         </div>
      | ^^^^^^^^
  175 |       </div>
  176 |
  177 |       {/* Arrow + Social icons row */}

Parsing ecmascript source code failed

Import traces:
  Client Component Browser:
    ./src/components/HeroSection.tsx [Client Component Browser]
    ./src/app/page.tsx [Client Component Browser]
    ./src/app/page.tsx [Server Component]

  Client Component SSR:
    ./src/components/HeroSection.tsx [Client Component SSR]
    ./src/app/page.tsx [Client Component SSR]
    ./src/app/page.tsx [Server Component] @ http://localhost:3000/_next/static/chunks/node_modules_next_dist_1gdrd03._.js:1945
[ 1421811ms] [ERROR] ./src/components/HeroSection.tsx:173:16
Expected '</', got 'jsx text'
  171 |               mariages
  172 |             </a>
> 173 |           </h2>
      |                ^^^^^^^^^^^^^^^^^^^^^^^^^^^^^^^^^^^^^^^^^^^^^^^^^^^^^^^^^^^^^^^^^^^^^^^^^^^^^
> 174 |         </div>
      | ^^^^^^^^
  175 |       </div>
  176 |
  177 |       {/* Arrow + Social icons row */}

Parsing ecmascript source code failed

Import traces:
  Client Component Browser:
    ./src/components/HeroSection.tsx [Client Component Browser]
    ./src/app/page.tsx [Client Component Browser]
    ./src/app/page.tsx [Server Component]

  Client Component SSR:
    ./src/components/HeroSection.tsx [Client Component SSR]
    ./src/app/page.tsx [Client Component SSR]
    ./src/app/page.tsx [Server Component] @ http://localhost:3000/_next/static/chunks/node_modules_next_dist_1gdrd03._.js:1945
[ 1421875ms] [ERROR] ./src/components/HeroSection.tsx:173:16
Expected '</', got 'jsx text'
  171 |               mariages
  172 |             </a>
> 173 |           </h2>
      |                ^^^^^^^^^^^^^^^^^^^^^^^^^^^^^^^^^^^^^^^^^^^^^^^^^^^^^^^^^^^^^^^^^^^^^^^^^^^^^
> 174 |         </div>
      | ^^^^^^^^
  175 |       </div>
  176 |
  177 |       {/* Arrow + Social icons row */}

Parsing ecmascript source code failed

Import traces:
  Client Component Browser:
    ./src/components/HeroSection.tsx [Client Component Browser]
    ./src/app/page.tsx [Client Component Browser]
    ./src/app/page.tsx [Server Component]

  Client Component SSR:
    ./src/components/HeroSection.tsx [Client Component SSR]
    ./src/app/page.tsx [Client Component SSR]
    ./src/app/page.tsx [Server Component] @ http://localhost:3000/_next/static/chunks/node_modules_next_dist_1gdrd03._.js:1945
[ 1421939ms] [ERROR] ./src/components/HeroSection.tsx:173:16
Expected '</', got 'jsx text'
  171 |               mariages
  172 |             </a>
> 173 |           </h2>
      |                ^^^^^^^^^^^^^^^^^^^^^^^^^^^^^^^^^^^^^^^^^^^^^^^^^^^^^^^^^^^^^^^^^^^^^^^^^^^^^
> 174 |         </div>
      | ^^^^^^^^
  175 |       </div>
  176 |
  177 |       {/* Arrow + Social icons row */}

Parsing ecmascript source code failed

Import traces:
  Client Component Browser:
    ./src/components/HeroSection.tsx [Client Component Browser]
    ./src/app/page.tsx [Client Component Browser]
    ./src/app/page.tsx [Server Component]

  Client Component SSR:
    ./src/components/HeroSection.tsx [Client Component SSR]
    ./src/app/page.tsx [Client Component SSR]
    ./src/app/page.tsx [Server Component] @ http://localhost:3000/_next/static/chunks/node_modules_next_dist_1gdrd03._.js:1945
[ 1422002ms] [ERROR] ./src/components/HeroSection.tsx:173:16
Expected '</', got 'jsx text'
  171 |               mariages
  172 |             </a>
> 173 |           </h2>
      |                ^^^^^^^^^^^^^^^^^^^^^^^^^^^^^^^^^^^^^^^^^^^^^^^^^^^^^^^^^^^^^^^^^^^^^^^^^^^^^
> 174 |         </div>
      | ^^^^^^^^
  175 |       </div>
  176 |
  177 |       {/* Arrow + Social icons row */}

Parsing ecmascript source code failed

Import traces:
  Client Component Browser:
    ./src/components/HeroSection.tsx [Client Component Browser]
    ./src/app/page.tsx [Client Component Browser]
    ./src/app/page.tsx [Server Component]

  Client Component SSR:
    ./src/components/HeroSection.tsx [Client Component SSR]
    ./src/app/page.tsx [Client Component SSR]
    ./src/app/page.tsx [Server Component] @ http://localhost:3000/_next/static/chunks/node_modules_next_dist_1gdrd03._.js:1945
[ 1422065ms] [ERROR] ./src/components/HeroSection.tsx:173:16
Expected '</', got 'jsx text'
  171 |               mariages
  172 |             </a>
> 173 |           </h2>
      |                ^^^^^^^^^^^^^^^^^^^^^^^^^^^^^^^^^^^^^^^^^^^^^^^^^^^^^^^^^^^^^^^^^^^^^^^^^^^^^
> 174 |         </div>
      | ^^^^^^^^
  175 |       </div>
  176 |
  177 |       {/* Arrow + Social icons row */}

Parsing ecmascript source code failed

Import traces:
  Client Component Browser:
    ./src/components/HeroSection.tsx [Client Component Browser]
    ./src/app/page.tsx [Client Component Browser]
    ./src/app/page.tsx [Server Component]

  Client Component SSR:
    ./src/components/HeroSection.tsx [Client Component SSR]
    ./src/app/page.tsx [Client Component SSR]
    ./src/app/page.tsx [Server Component] @ http://localhost:3000/_next/static/chunks/node_modules_next_dist_1gdrd03._.js:1945
[ 1422129ms] [ERROR] ./src/components/HeroSection.tsx:173:16
Expected '</', got 'jsx text'
  171 |               mariages
  172 |             </a>
> 173 |           </h2>
      |                ^^^^^^^^^^^^^^^^^^^^^^^^^^^^^^^^^^^^^^^^^^^^^^^^^^^^^^^^^^^^^^^^^^^^^^^^^^^^^
> 174 |         </div>
      | ^^^^^^^^
  175 |       </div>
  176 |
  177 |       {/* Arrow + Social icons row */}

Parsing ecmascript source code failed

Import traces:
  Client Component Browser:
    ./src/components/HeroSection.tsx [Client Component Browser]
    ./src/app/page.tsx [Client Component Browser]
    ./src/app/page.tsx [Server Component]

  Client Component SSR:
    ./src/components/HeroSection.tsx [Client Component SSR]
    ./src/app/page.tsx [Client Component SSR]
    ./src/app/page.tsx [Server Component] @ http://localhost:3000/_next/static/chunks/node_modules_next_dist_1gdrd03._.js:1945
[ 1422192ms] [ERROR] ./src/components/HeroSection.tsx:173:16
Expected '</', got 'jsx text'
  171 |               mariages
  172 |             </a>
> 173 |           </h2>
      |                ^^^^^^^^^^^^^^^^^^^^^^^^^^^^^^^^^^^^^^^^^^^^^^^^^^^^^^^^^^^^^^^^^^^^^^^^^^^^^
> 174 |         </div>
      | ^^^^^^^^
  175 |       </div>
  176 |
  177 |       {/* Arrow + Social icons row */}

Parsing ecmascript source code failed

Import traces:
  Client Component Browser:
    ./src/components/HeroSection.tsx [Client Component Browser]
    ./src/app/page.tsx [Client Component Browser]
    ./src/app/page.tsx [Server Component]

  Client Component SSR:
    ./src/components/HeroSection.tsx [Client Component SSR]
    ./src/app/page.tsx [Client Component SSR]
    ./src/app/page.tsx [Server Component] @ http://localhost:3000/_next/static/chunks/node_modules_next_dist_1gdrd03._.js:1945
[ 1422256ms] [ERROR] ./src/components/HeroSection.tsx:173:16
Expected '</', got 'jsx text'
  171 |               mariages
  172 |             </a>
> 173 |           </h2>
      |                ^^^^^^^^^^^^^^^^^^^^^^^^^^^^^^^^^^^^^^^^^^^^^^^^^^^^^^^^^^^^^^^^^^^^^^^^^^^^^
> 174 |         </div>
      | ^^^^^^^^
  175 |       </div>
  176 |
  177 |       {/* Arrow + Social icons row */}

Parsing ecmascript source code failed

Import traces:
  Client Component Browser:
    ./src/components/HeroSection.tsx [Client Component Browser]
    ./src/app/page.tsx [Client Component Browser]
    ./src/app/page.tsx [Server Component]

  Client Component SSR:
    ./src/components/HeroSection.tsx [Client Component SSR]
    ./src/app/page.tsx [Client Component SSR]
    ./src/app/page.tsx [Server Component] @ http://localhost:3000/_next/static/chunks/node_modules_next_dist_1gdrd03._.js:1945
[ 1422320ms] [ERROR] ./src/components/HeroSection.tsx:173:16
Expected '</', got 'jsx text'
  171 |               mariages
  172 |             </a>
> 173 |           </h2>
      |                ^^^^^^^^^^^^^^^^^^^^^^^^^^^^^^^^^^^^^^^^^^^^^^^^^^^^^^^^^^^^^^^^^^^^^^^^^^^^^
> 174 |         </div>
      | ^^^^^^^^
  175 |       </div>
  176 |
  177 |       {/* Arrow + Social icons row */}

Parsing ecmascript source code failed

Import traces:
  Client Component Browser:
    ./src/components/HeroSection.tsx [Client Component Browser]
    ./src/app/page.tsx [Client Component Browser]
    ./src/app/page.tsx [Server Component]

  Client Component SSR:
    ./src/components/HeroSection.tsx [Client Component SSR]
    ./src/app/page.tsx [Client Component SSR]
    ./src/app/page.tsx [Server Component] @ http://localhost:3000/_next/static/chunks/node_modules_next_dist_1gdrd03._.js:1945
[ 1422383ms] [ERROR] ./src/components/HeroSection.tsx:173:16
Expected '</', got 'jsx text'
  171 |               mariages
  172 |             </a>
> 173 |           </h2>
      |                ^^^^^^^^^^^^^^^^^^^^^^^^^^^^^^^^^^^^^^^^^^^^^^^^^^^^^^^^^^^^^^^^^^^^^^^^^^^^^
> 174 |         </div>
      | ^^^^^^^^
  175 |       </div>
  176 |
  177 |       {/* Arrow + Social icons row */}

Parsing ecmascript source code failed

Import traces:
  Client Component Browser:
    ./src/components/HeroSection.tsx [Client Component Browser]
    ./src/app/page.tsx [Client Component Browser]
    ./src/app/page.tsx [Server Component]

  Client Component SSR:
    ./src/components/HeroSection.tsx [Client Component SSR]
    ./src/app/page.tsx [Client Component SSR]
    ./src/app/page.tsx [Server Component] @ http://localhost:3000/_next/static/chunks/node_modules_next_dist_1gdrd03._.js:1945
[ 1422447ms] [ERROR] ./src/components/HeroSection.tsx:173:16
Expected '</', got 'jsx text'
  171 |               mariages
  172 |             </a>
> 173 |           </h2>
      |                ^^^^^^^^^^^^^^^^^^^^^^^^^^^^^^^^^^^^^^^^^^^^^^^^^^^^^^^^^^^^^^^^^^^^^^^^^^^^^
> 174 |         </div>
      | ^^^^^^^^
  175 |       </div>
  176 |
  177 |       {/* Arrow + Social icons row */}

Parsing ecmascript source code failed

Import traces:
  Client Component Browser:
    ./src/components/HeroSection.tsx [Client Component Browser]
    ./src/app/page.tsx [Client Component Browser]
    ./src/app/page.tsx [Server Component]

  Client Component SSR:
    ./src/components/HeroSection.tsx [Client Component SSR]
    ./src/app/page.tsx [Client Component SSR]
    ./src/app/page.tsx [Server Component] @ http://localhost:3000/_next/static/chunks/node_modules_next_dist_1gdrd03._.js:1945
[ 1422509ms] [ERROR] ./src/components/HeroSection.tsx:173:16
Expected '</', got 'jsx text'
  171 |               mariages
  172 |             </a>
> 173 |           </h2>
      |                ^^^^^^^^^^^^^^^^^^^^^^^^^^^^^^^^^^^^^^^^^^^^^^^^^^^^^^^^^^^^^^^^^^^^^^^^^^^^^
> 174 |         </div>
      | ^^^^^^^^
  175 |       </div>
  176 |
  177 |       {/* Arrow + Social icons row */}

Parsing ecmascript source code failed

Import traces:
  Client Component Browser:
    ./src/components/HeroSection.tsx [Client Component Browser]
    ./src/app/page.tsx [Client Component Browser]
    ./src/app/page.tsx [Server Component]

  Client Component SSR:
    ./src/components/HeroSection.tsx [Client Component SSR]
    ./src/app/page.tsx [Client Component SSR]
    ./src/app/page.tsx [Server Component] @ http://localhost:3000/_next/static/chunks/node_modules_next_dist_1gdrd03._.js:1945
[ 1422573ms] [ERROR] ./src/components/HeroSection.tsx:173:16
Expected '</', got 'jsx text'
  171 |               mariages
  172 |             </a>
> 173 |           </h2>
      |                ^^^^^^^^^^^^^^^^^^^^^^^^^^^^^^^^^^^^^^^^^^^^^^^^^^^^^^^^^^^^^^^^^^^^^^^^^^^^^
> 174 |         </div>
      | ^^^^^^^^
  175 |       </div>
  176 |
  177 |       {/* Arrow + Social icons row */}

Parsing ecmascript source code failed

Import traces:
  Client Component Browser:
    ./src/components/HeroSection.tsx [Client Component Browser]
    ./src/app/page.tsx [Client Component Browser]
    ./src/app/page.tsx [Server Component]

  Client Component SSR:
    ./src/components/HeroSection.tsx [Client Component SSR]
    ./src/app/page.tsx [Client Component SSR]
    ./src/app/page.tsx [Server Component] @ http://localhost:3000/_next/static/chunks/node_modules_next_dist_1gdrd03._.js:1945
[ 1422637ms] [ERROR] ./src/components/HeroSection.tsx:173:16
Expected '</', got 'jsx text'
  171 |               mariages
  172 |             </a>
> 173 |           </h2>
      |                ^^^^^^^^^^^^^^^^^^^^^^^^^^^^^^^^^^^^^^^^^^^^^^^^^^^^^^^^^^^^^^^^^^^^^^^^^^^^^
> 174 |         </div>
      | ^^^^^^^^
  175 |       </div>
  176 |
  177 |       {/* Arrow + Social icons row */}

Parsing ecmascript source code failed

Import traces:
  Client Component Browser:
    ./src/components/HeroSection.tsx [Client Component Browser]
    ./src/app/page.tsx [Client Component Browser]
    ./src/app/page.tsx [Server Component]

  Client Component SSR:
    ./src/components/HeroSection.tsx [Client Component SSR]
    ./src/app/page.tsx [Client Component SSR]
    ./src/app/page.tsx [Server Component] @ http://localhost:3000/_next/static/chunks/node_modules_next_dist_1gdrd03._.js:1945
[ 1422700ms] [ERROR] ./src/components/HeroSection.tsx:173:16
Expected '</', got 'jsx text'
  171 |               mariages
  172 |             </a>
> 173 |           </h2>
      |                ^^^^^^^^^^^^^^^^^^^^^^^^^^^^^^^^^^^^^^^^^^^^^^^^^^^^^^^^^^^^^^^^^^^^^^^^^^^^^
> 174 |         </div>
      | ^^^^^^^^
  175 |       </div>
  176 |
  177 |       {/* Arrow + Social icons row */}

Parsing ecmascript source code failed

Import traces:
  Client Component Browser:
    ./src/components/HeroSection.tsx [Client Component Browser]
    ./src/app/page.tsx [Client Component Browser]
    ./src/app/page.tsx [Server Component]

  Client Component SSR:
    ./src/components/HeroSection.tsx [Client Component SSR]
    ./src/app/page.tsx [Client Component SSR]
    ./src/app/page.tsx [Server Component] @ http://localhost:3000/_next/static/chunks/node_modules_next_dist_1gdrd03._.js:1945
[ 1422763ms] [ERROR] ./src/components/HeroSection.tsx:173:16
Expected '</', got 'jsx text'
  171 |               mariages
  172 |             </a>
> 173 |           </h2>
      |                ^^^^^^^^^^^^^^^^^^^^^^^^^^^^^^^^^^^^^^^^^^^^^^^^^^^^^^^^^^^^^^^^^^^^^^^^^^^^^
> 174 |         </div>
      | ^^^^^^^^
  175 |       </div>
  176 |
  177 |       {/* Arrow + Social icons row */}

Parsing ecmascript source code failed

Import traces:
  Client Component Browser:
    ./src/components/HeroSection.tsx [Client Component Browser]
    ./src/app/page.tsx [Client Component Browser]
    ./src/app/page.tsx [Server Component]

  Client Component SSR:
    ./src/components/HeroSection.tsx [Client Component SSR]
    ./src/app/page.tsx [Client Component SSR]
    ./src/app/page.tsx [Server Component] @ http://localhost:3000/_next/static/chunks/node_modules_next_dist_1gdrd03._.js:1945
[ 1422828ms] [ERROR] ./src/components/HeroSection.tsx:173:16
Expected '</', got 'jsx text'
  171 |               mariages
  172 |             </a>
> 173 |           </h2>
      |                ^^^^^^^^^^^^^^^^^^^^^^^^^^^^^^^^^^^^^^^^^^^^^^^^^^^^^^^^^^^^^^^^^^^^^^^^^^^^^
> 174 |         </div>
      | ^^^^^^^^
  175 |       </div>
  176 |
  177 |       {/* Arrow + Social icons row */}

Parsing ecmascript source code failed

Import traces:
  Client Component Browser:
    ./src/components/HeroSection.tsx [Client Component Browser]
    ./src/app/page.tsx [Client Component Browser]
    ./src/app/page.tsx [Server Component]

  Client Component SSR:
    ./src/components/HeroSection.tsx [Client Component SSR]
    ./src/app/page.tsx [Client Component SSR]
    ./src/app/page.tsx [Server Component] @ http://localhost:3000/_next/static/chunks/node_modules_next_dist_1gdrd03._.js:1945
[ 1422887ms] [ERROR] ./src/components/HeroSection.tsx:173:16
Expected '</', got 'jsx text'
  171 |               mariages
  172 |             </a>
> 173 |           </h2>
      |                ^^^^^^^^^^^^^^^^^^^^^^^^^^^^^^^^^^^^^^^^^^^^^^^^^^^^^^^^^^^^^^^^^^^^^^^^^^^^^
> 174 |         </div>
      | ^^^^^^^^
  175 |       </div>
  176 |
  177 |       {/* Arrow + Social icons row */}

Parsing ecmascript source code failed

Import traces:
  Client Component Browser:
    ./src/components/HeroSection.tsx [Client Component Browser]
    ./src/app/page.tsx [Client Component Browser]
    ./src/app/page.tsx [Server Component]

  Client Component SSR:
    ./src/components/HeroSection.tsx [Client Component SSR]
    ./src/app/page.tsx [Client Component SSR]
    ./src/app/page.tsx [Server Component] @ http://localhost:3000/_next/static/chunks/node_modules_next_dist_1gdrd03._.js:1945
[ 1422950ms] [ERROR] ./src/components/HeroSection.tsx:173:16
Expected '</', got 'jsx text'
  171 |               mariages
  172 |             </a>
> 173 |           </h2>
      |                ^^^^^^^^^^^^^^^^^^^^^^^^^^^^^^^^^^^^^^^^^^^^^^^^^^^^^^^^^^^^^^^^^^^^^^^^^^^^^
> 174 |         </div>
      | ^^^^^^^^
  175 |       </div>
  176 |
  177 |       {/* Arrow + Social icons row */}

Parsing ecmascript source code failed

Import traces:
  Client Component Browser:
    ./src/components/HeroSection.tsx [Client Component Browser]
    ./src/app/page.tsx [Client Component Browser]
    ./src/app/page.tsx [Server Component]

  Client Component SSR:
    ./src/components/HeroSection.tsx [Client Component SSR]
    ./src/app/page.tsx [Client Component SSR]
    ./src/app/page.tsx [Server Component] @ http://localhost:3000/_next/static/chunks/node_modules_next_dist_1gdrd03._.js:1945
[ 1423012ms] [ERROR] ./src/components/HeroSection.tsx:173:16
Expected '</', got 'jsx text'
  171 |               mariages
  172 |             </a>
> 173 |           </h2>
      |                ^^^^^^^^^^^^^^^^^^^^^^^^^^^^^^^^^^^^^^^^^^^^^^^^^^^^^^^^^^^^^^^^^^^^^^^^^^^^^
> 174 |         </div>
      | ^^^^^^^^
  175 |       </div>
  176 |
  177 |       {/* Arrow + Social icons row */}

Parsing ecmascript source code failed

Import traces:
  Client Component Browser:
    ./src/components/HeroSection.tsx [Client Component Browser]
    ./src/app/page.tsx [Client Component Browser]
    ./src/app/page.tsx [Server Component]

  Client Component SSR:
    ./src/components/HeroSection.tsx [Client Component SSR]
    ./src/app/page.tsx [Client Component SSR]
    ./src/app/page.tsx [Server Component] @ http://localhost:3000/_next/static/chunks/node_modules_next_dist_1gdrd03._.js:1945
[ 1423074ms] [ERROR] ./src/components/HeroSection.tsx:173:16
Expected '</', got 'jsx text'
  171 |               mariages
  172 |             </a>
> 173 |           </h2>
      |                ^^^^^^^^^^^^^^^^^^^^^^^^^^^^^^^^^^^^^^^^^^^^^^^^^^^^^^^^^^^^^^^^^^^^^^^^^^^^^
> 174 |         </div>
      | ^^^^^^^^
  175 |       </div>
  176 |
  177 |       {/* Arrow + Social icons row */}

Parsing ecmascript source code failed

Import traces:
  Client Component Browser:
    ./src/components/HeroSection.tsx [Client Component Browser]
    ./src/app/page.tsx [Client Component Browser]
    ./src/app/page.tsx [Server Component]

  Client Component SSR:
    ./src/components/HeroSection.tsx [Client Component SSR]
    ./src/app/page.tsx [Client Component SSR]
    ./src/app/page.tsx [Server Component] @ http://localhost:3000/_next/static/chunks/node_modules_next_dist_1gdrd03._.js:1945
[ 1423135ms] [ERROR] ./src/components/HeroSection.tsx:173:16
Expected '</', got 'jsx text'
  171 |               mariages
  172 |             </a>
> 173 |           </h2>
      |                ^^^^^^^^^^^^^^^^^^^^^^^^^^^^^^^^^^^^^^^^^^^^^^^^^^^^^^^^^^^^^^^^^^^^^^^^^^^^^
> 174 |         </div>
      | ^^^^^^^^
  175 |       </div>
  176 |
  177 |       {/* Arrow + Social icons row */}

Parsing ecmascript source code failed

Import traces:
  Client Component Browser:
    ./src/components/HeroSection.tsx [Client Component Browser]
    ./src/app/page.tsx [Client Component Browser]
    ./src/app/page.tsx [Server Component]

  Client Component SSR:
    ./src/components/HeroSection.tsx [Client Component SSR]
    ./src/app/page.tsx [Client Component SSR]
    ./src/app/page.tsx [Server Component] @ http://localhost:3000/_next/static/chunks/node_modules_next_dist_1gdrd03._.js:1945
[ 1423197ms] [ERROR] ./src/components/HeroSection.tsx:173:16
Expected '</', got 'jsx text'
  171 |               mariages
  172 |             </a>
> 173 |           </h2>
      |                ^^^^^^^^^^^^^^^^^^^^^^^^^^^^^^^^^^^^^^^^^^^^^^^^^^^^^^^^^^^^^^^^^^^^^^^^^^^^^
> 174 |         </div>
      | ^^^^^^^^
  175 |       </div>
  176 |
  177 |       {/* Arrow + Social icons row */}

Parsing ecmascript source code failed

Import traces:
  Client Component Browser:
    ./src/components/HeroSection.tsx [Client Component Browser]
    ./src/app/page.tsx [Client Component Browser]
    ./src/app/page.tsx [Server Component]

  Client Component SSR:
    ./src/components/HeroSection.tsx [Client Component SSR]
    ./src/app/page.tsx [Client Component SSR]
    ./src/app/page.tsx [Server Component] @ http://localhost:3000/_next/static/chunks/node_modules_next_dist_1gdrd03._.js:1945
[ 1423260ms] [ERROR] ./src/components/HeroSection.tsx:173:16
Expected '</', got 'jsx text'
  171 |               mariages
  172 |             </a>
> 173 |           </h2>
      |                ^^^^^^^^^^^^^^^^^^^^^^^^^^^^^^^^^^^^^^^^^^^^^^^^^^^^^^^^^^^^^^^^^^^^^^^^^^^^^
> 174 |         </div>
      | ^^^^^^^^
  175 |       </div>
  176 |
  177 |       {/* Arrow + Social icons row */}

Parsing ecmascript source code failed

Import traces:
  Client Component Browser:
    ./src/components/HeroSection.tsx [Client Component Browser]
    ./src/app/page.tsx [Client Component Browser]
    ./src/app/page.tsx [Server Component]

  Client Component SSR:
    ./src/components/HeroSection.tsx [Client Component SSR]
    ./src/app/page.tsx [Client Component SSR]
    ./src/app/page.tsx [Server Component] @ http://localhost:3000/_next/static/chunks/node_modules_next_dist_1gdrd03._.js:1945
[ 1423323ms] [ERROR] ./src/components/HeroSection.tsx:173:16
Expected '</', got 'jsx text'
  171 |               mariages
  172 |             </a>
> 173 |           </h2>
      |                ^^^^^^^^^^^^^^^^^^^^^^^^^^^^^^^^^^^^^^^^^^^^^^^^^^^^^^^^^^^^^^^^^^^^^^^^^^^^^
> 174 |         </div>
      | ^^^^^^^^
  175 |       </div>
  176 |
  177 |       {/* Arrow + Social icons row */}

Parsing ecmascript source code failed

Import traces:
  Client Component Browser:
    ./src/components/HeroSection.tsx [Client Component Browser]
    ./src/app/page.tsx [Client Component Browser]
    ./src/app/page.tsx [Server Component]

  Client Component SSR:
    ./src/components/HeroSection.tsx [Client Component SSR]
    ./src/app/page.tsx [Client Component SSR]
    ./src/app/page.tsx [Server Component] @ http://localhost:3000/_next/static/chunks/node_modules_next_dist_1gdrd03._.js:1945
[ 1423385ms] [ERROR] ./src/components/HeroSection.tsx:173:16
Expected '</', got 'jsx text'
  171 |               mariages
  172 |             </a>
> 173 |           </h2>
      |                ^^^^^^^^^^^^^^^^^^^^^^^^^^^^^^^^^^^^^^^^^^^^^^^^^^^^^^^^^^^^^^^^^^^^^^^^^^^^^
> 174 |         </div>
      | ^^^^^^^^
  175 |       </div>
  176 |
  177 |       {/* Arrow + Social icons row */}

Parsing ecmascript source code failed

Import traces:
  Client Component Browser:
    ./src/components/HeroSection.tsx [Client Component Browser]
    ./src/app/page.tsx [Client Component Browser]
    ./src/app/page.tsx [Server Component]

  Client Component SSR:
    ./src/components/HeroSection.tsx [Client Component SSR]
    ./src/app/page.tsx [Client Component SSR]
    ./src/app/page.tsx [Server Component] @ http://localhost:3000/_next/static/chunks/node_modules_next_dist_1gdrd03._.js:1945
[ 1423447ms] [ERROR] ./src/components/HeroSection.tsx:173:16
Expected '</', got 'jsx text'
  171 |               mariages
  172 |             </a>
> 173 |           </h2>
      |                ^^^^^^^^^^^^^^^^^^^^^^^^^^^^^^^^^^^^^^^^^^^^^^^^^^^^^^^^^^^^^^^^^^^^^^^^^^^^^
> 174 |         </div>
      | ^^^^^^^^
  175 |       </div>
  176 |
  177 |       {/* Arrow + Social icons row */}

Parsing ecmascript source code failed

Import traces:
  Client Component Browser:
    ./src/components/HeroSection.tsx [Client Component Browser]
    ./src/app/page.tsx [Client Component Browser]
    ./src/app/page.tsx [Server Component]

  Client Component SSR:
    ./src/components/HeroSection.tsx [Client Component SSR]
    ./src/app/page.tsx [Client Component SSR]
    ./src/app/page.tsx [Server Component] @ http://localhost:3000/_next/static/chunks/node_modules_next_dist_1gdrd03._.js:1945
[ 1423510ms] [ERROR] ./src/components/HeroSection.tsx:173:16
Expected '</', got 'jsx text'
  171 |               mariages
  172 |             </a>
> 173 |           </h2>
      |                ^^^^^^^^^^^^^^^^^^^^^^^^^^^^^^^^^^^^^^^^^^^^^^^^^^^^^^^^^^^^^^^^^^^^^^^^^^^^^
> 174 |         </div>
      | ^^^^^^^^
  175 |       </div>
  176 |
  177 |       {/* Arrow + Social icons row */}

Parsing ecmascript source code failed

Import traces:
  Client Component Browser:
    ./src/components/HeroSection.tsx [Client Component Browser]
    ./src/app/page.tsx [Client Component Browser]
    ./src/app/page.tsx [Server Component]

  Client Component SSR:
    ./src/components/HeroSection.tsx [Client Component SSR]
    ./src/app/page.tsx [Client Component SSR]
    ./src/app/page.tsx [Server Component] @ http://localhost:3000/_next/static/chunks/node_modules_next_dist_1gdrd03._.js:1945
[ 1423571ms] [ERROR] ./src/components/HeroSection.tsx:173:16
Expected '</', got 'jsx text'
  171 |               mariages
  172 |             </a>
> 173 |           </h2>
      |                ^^^^^^^^^^^^^^^^^^^^^^^^^^^^^^^^^^^^^^^^^^^^^^^^^^^^^^^^^^^^^^^^^^^^^^^^^^^^^
> 174 |         </div>
      | ^^^^^^^^
  175 |       </div>
  176 |
  177 |       {/* Arrow + Social icons row */}

Parsing ecmascript source code failed

Import traces:
  Client Component Browser:
    ./src/components/HeroSection.tsx [Client Component Browser]
    ./src/app/page.tsx [Client Component Browser]
    ./src/app/page.tsx [Server Component]

  Client Component SSR:
    ./src/components/HeroSection.tsx [Client Component SSR]
    ./src/app/page.tsx [Client Component SSR]
    ./src/app/page.tsx [Server Component] @ http://localhost:3000/_next/static/chunks/node_modules_next_dist_1gdrd03._.js:1945
[ 1423633ms] [ERROR] ./src/components/HeroSection.tsx:173:16
Expected '</', got 'jsx text'
  171 |               mariages
  172 |             </a>
> 173 |           </h2>
      |                ^^^^^^^^^^^^^^^^^^^^^^^^^^^^^^^^^^^^^^^^^^^^^^^^^^^^^^^^^^^^^^^^^^^^^^^^^^^^^
> 174 |         </div>
      | ^^^^^^^^
  175 |       </div>
  176 |
  177 |       {/* Arrow + Social icons row */}

Parsing ecmascript source code failed

Import traces:
  Client Component Browser:
    ./src/components/HeroSection.tsx [Client Component Browser]
    ./src/app/page.tsx [Client Component Browser]
    ./src/app/page.tsx [Server Component]

  Client Component SSR:
    ./src/components/HeroSection.tsx [Client Component SSR]
    ./src/app/page.tsx [Client Component SSR]
    ./src/app/page.tsx [Server Component] @ http://localhost:3000/_next/static/chunks/node_modules_next_dist_1gdrd03._.js:1945
[ 1423695ms] [ERROR] ./src/components/HeroSection.tsx:173:16
Expected '</', got 'jsx text'
  171 |               mariages
  172 |             </a>
> 173 |           </h2>
      |                ^^^^^^^^^^^^^^^^^^^^^^^^^^^^^^^^^^^^^^^^^^^^^^^^^^^^^^^^^^^^^^^^^^^^^^^^^^^^^
> 174 |         </div>
      | ^^^^^^^^
  175 |       </div>
  176 |
  177 |       {/* Arrow + Social icons row */}

Parsing ecmascript source code failed

Import traces:
  Client Component Browser:
    ./src/components/HeroSection.tsx [Client Component Browser]
    ./src/app/page.tsx [Client Component Browser]
    ./src/app/page.tsx [Server Component]

  Client Component SSR:
    ./src/components/HeroSection.tsx [Client Component SSR]
    ./src/app/page.tsx [Client Component SSR]
    ./src/app/page.tsx [Server Component] @ http://localhost:3000/_next/static/chunks/node_modules_next_dist_1gdrd03._.js:1945
[ 1423756ms] [ERROR] ./src/components/HeroSection.tsx:173:16
Expected '</', got 'jsx text'
  171 |               mariages
  172 |             </a>
> 173 |           </h2>
      |                ^^^^^^^^^^^^^^^^^^^^^^^^^^^^^^^^^^^^^^^^^^^^^^^^^^^^^^^^^^^^^^^^^^^^^^^^^^^^^
> 174 |         </div>
      | ^^^^^^^^
  175 |       </div>
  176 |
  177 |       {/* Arrow + Social icons row */}

Parsing ecmascript source code failed

Import traces:
  Client Component Browser:
    ./src/components/HeroSection.tsx [Client Component Browser]
    ./src/app/page.tsx [Client Component Browser]
    ./src/app/page.tsx [Server Component]

  Client Component SSR:
    ./src/components/HeroSection.tsx [Client Component SSR]
    ./src/app/page.tsx [Client Component SSR]
    ./src/app/page.tsx [Server Component] @ http://localhost:3000/_next/static/chunks/node_modules_next_dist_1gdrd03._.js:1945
[ 1423818ms] [ERROR] ./src/components/HeroSection.tsx:173:16
Expected '</', got 'jsx text'
  171 |               mariages
  172 |             </a>
> 173 |           </h2>
      |                ^^^^^^^^^^^^^^^^^^^^^^^^^^^^^^^^^^^^^^^^^^^^^^^^^^^^^^^^^^^^^^^^^^^^^^^^^^^^^
> 174 |         </div>
      | ^^^^^^^^
  175 |       </div>
  176 |
  177 |       {/* Arrow + Social icons row */}

Parsing ecmascript source code failed

Import traces:
  Client Component Browser:
    ./src/components/HeroSection.tsx [Client Component Browser]
    ./src/app/page.tsx [Client Component Browser]
    ./src/app/page.tsx [Server Component]

  Client Component SSR:
    ./src/components/HeroSection.tsx [Client Component SSR]
    ./src/app/page.tsx [Client Component SSR]
    ./src/app/page.tsx [Server Component] @ http://localhost:3000/_next/static/chunks/node_modules_next_dist_1gdrd03._.js:1945
[ 1423881ms] [ERROR] ./src/components/HeroSection.tsx:173:16
Expected '</', got 'jsx text'
  171 |               mariages
  172 |             </a>
> 173 |           </h2>
      |                ^^^^^^^^^^^^^^^^^^^^^^^^^^^^^^^^^^^^^^^^^^^^^^^^^^^^^^^^^^^^^^^^^^^^^^^^^^^^^
> 174 |         </div>
      | ^^^^^^^^
  175 |       </div>
  176 |
  177 |       {/* Arrow + Social icons row */}

Parsing ecmascript source code failed

Import traces:
  Client Component Browser:
    ./src/components/HeroSection.tsx [Client Component Browser]
    ./src/app/page.tsx [Client Component Browser]
    ./src/app/page.tsx [Server Component]

  Client Component SSR:
    ./src/components/HeroSection.tsx [Client Component SSR]
    ./src/app/page.tsx [Client Component SSR]
    ./src/app/page.tsx [Server Component] @ http://localhost:3000/_next/static/chunks/node_modules_next_dist_1gdrd03._.js:1945
[ 1423942ms] [ERROR] ./src/components/HeroSection.tsx:173:16
Expected '</', got 'jsx text'
  171 |               mariages
  172 |             </a>
> 173 |           </h2>
      |                ^^^^^^^^^^^^^^^^^^^^^^^^^^^^^^^^^^^^^^^^^^^^^^^^^^^^^^^^^^^^^^^^^^^^^^^^^^^^^
> 174 |         </div>
      | ^^^^^^^^
  175 |       </div>
  176 |
  177 |       {/* Arrow + Social icons row */}

Parsing ecmascript source code failed

Import traces:
  Client Component Browser:
    ./src/components/HeroSection.tsx [Client Component Browser]
    ./src/app/page.tsx [Client Component Browser]
    ./src/app/page.tsx [Server Component]

  Client Component SSR:
    ./src/components/HeroSection.tsx [Client Component SSR]
    ./src/app/page.tsx [Client Component SSR]
    ./src/app/page.tsx [Server Component] @ http://localhost:3000/_next/static/chunks/node_modules_next_dist_1gdrd03._.js:1945
[ 1424004ms] [ERROR] ./src/components/HeroSection.tsx:173:16
Expected '</', got 'jsx text'
  171 |               mariages
  172 |             </a>
> 173 |           </h2>
      |                ^^^^^^^^^^^^^^^^^^^^^^^^^^^^^^^^^^^^^^^^^^^^^^^^^^^^^^^^^^^^^^^^^^^^^^^^^^^^^
> 174 |         </div>
      | ^^^^^^^^
  175 |       </div>
  176 |
  177 |       {/* Arrow + Social icons row */}

Parsing ecmascript source code failed

Import traces:
  Client Component Browser:
    ./src/components/HeroSection.tsx [Client Component Browser]
    ./src/app/page.tsx [Client Component Browser]
    ./src/app/page.tsx [Server Component]

  Client Component SSR:
    ./src/components/HeroSection.tsx [Client Component SSR]
    ./src/app/page.tsx [Client Component SSR]
    ./src/app/page.tsx [Server Component] @ http://localhost:3000/_next/static/chunks/node_modules_next_dist_1gdrd03._.js:1945
[ 1424066ms] [ERROR] ./src/components/HeroSection.tsx:173:16
Expected '</', got 'jsx text'
  171 |               mariages
  172 |             </a>
> 173 |           </h2>
      |                ^^^^^^^^^^^^^^^^^^^^^^^^^^^^^^^^^^^^^^^^^^^^^^^^^^^^^^^^^^^^^^^^^^^^^^^^^^^^^
> 174 |         </div>
      | ^^^^^^^^
  175 |       </div>
  176 |
  177 |       {/* Arrow + Social icons row */}

Parsing ecmascript source code failed

Import traces:
  Client Component Browser:
    ./src/components/HeroSection.tsx [Client Component Browser]
    ./src/app/page.tsx [Client Component Browser]
    ./src/app/page.tsx [Server Component]

  Client Component SSR:
    ./src/components/HeroSection.tsx [Client Component SSR]
    ./src/app/page.tsx [Client Component SSR]
    ./src/app/page.tsx [Server Component] @ http://localhost:3000/_next/static/chunks/node_modules_next_dist_1gdrd03._.js:1945
[ 1424128ms] [ERROR] ./src/components/HeroSection.tsx:173:16
Expected '</', got 'jsx text'
  171 |               mariages
  172 |             </a>
> 173 |           </h2>
      |                ^^^^^^^^^^^^^^^^^^^^^^^^^^^^^^^^^^^^^^^^^^^^^^^^^^^^^^^^^^^^^^^^^^^^^^^^^^^^^
> 174 |         </div>
      | ^^^^^^^^
  175 |       </div>
  176 |
  177 |       {/* Arrow + Social icons row */}

Parsing ecmascript source code failed

Import traces:
  Client Component Browser:
    ./src/components/HeroSection.tsx [Client Component Browser]
    ./src/app/page.tsx [Client Component Browser]
    ./src/app/page.tsx [Server Component]

  Client Component SSR:
    ./src/components/HeroSection.tsx [Client Component SSR]
    ./src/app/page.tsx [Client Component SSR]
    ./src/app/page.tsx [Server Component] @ http://localhost:3000/_next/static/chunks/node_modules_next_dist_1gdrd03._.js:1945
[ 1424189ms] [ERROR] ./src/components/HeroSection.tsx:173:16
Expected '</', got 'jsx text'
  171 |               mariages
  172 |             </a>
> 173 |           </h2>
      |                ^^^^^^^^^^^^^^^^^^^^^^^^^^^^^^^^^^^^^^^^^^^^^^^^^^^^^^^^^^^^^^^^^^^^^^^^^^^^^
> 174 |         </div>
      | ^^^^^^^^
  175 |       </div>
  176 |
  177 |       {/* Arrow + Social icons row */}

Parsing ecmascript source code failed

Import traces:
  Client Component Browser:
    ./src/components/HeroSection.tsx [Client Component Browser]
    ./src/app/page.tsx [Client Component Browser]
    ./src/app/page.tsx [Server Component]

  Client Component SSR:
    ./src/components/HeroSection.tsx [Client Component SSR]
    ./src/app/page.tsx [Client Component SSR]
    ./src/app/page.tsx [Server Component] @ http://localhost:3000/_next/static/chunks/node_modules_next_dist_1gdrd03._.js:1945
[ 1424251ms] [ERROR] ./src/components/HeroSection.tsx:173:16
Expected '</', got 'jsx text'
  171 |               mariages
  172 |             </a>
> 173 |           </h2>
      |                ^^^^^^^^^^^^^^^^^^^^^^^^^^^^^^^^^^^^^^^^^^^^^^^^^^^^^^^^^^^^^^^^^^^^^^^^^^^^^
> 174 |         </div>
      | ^^^^^^^^
  175 |       </div>
  176 |
  177 |       {/* Arrow + Social icons row */}

Parsing ecmascript source code failed

Import traces:
  Client Component Browser:
    ./src/components/HeroSection.tsx [Client Component Browser]
    ./src/app/page.tsx [Client Component Browser]
    ./src/app/page.tsx [Server Component]

  Client Component SSR:
    ./src/components/HeroSection.tsx [Client Component SSR]
    ./src/app/page.tsx [Client Component SSR]
    ./src/app/page.tsx [Server Component] @ http://localhost:3000/_next/static/chunks/node_modules_next_dist_1gdrd03._.js:1945
[ 1424314ms] [ERROR] ./src/components/HeroSection.tsx:173:16
Expected '</', got 'jsx text'
  171 |               mariages
  172 |             </a>
> 173 |           </h2>
      |                ^^^^^^^^^^^^^^^^^^^^^^^^^^^^^^^^^^^^^^^^^^^^^^^^^^^^^^^^^^^^^^^^^^^^^^^^^^^^^
> 174 |         </div>
      | ^^^^^^^^
  175 |       </div>
  176 |
  177 |       {/* Arrow + Social icons row */}

Parsing ecmascript source code failed

Import traces:
  Client Component Browser:
    ./src/components/HeroSection.tsx [Client Component Browser]
    ./src/app/page.tsx [Client Component Browser]
    ./src/app/page.tsx [Server Component]

  Client Component SSR:
    ./src/components/HeroSection.tsx [Client Component SSR]
    ./src/app/page.tsx [Client Component SSR]
    ./src/app/page.tsx [Server Component] @ http://localhost:3000/_next/static/chunks/node_modules_next_dist_1gdrd03._.js:1945
[ 1424377ms] [ERROR] ./src/components/HeroSection.tsx:173:16
Expected '</', got 'jsx text'
  171 |               mariages
  172 |             </a>
> 173 |           </h2>
      |                ^^^^^^^^^^^^^^^^^^^^^^^^^^^^^^^^^^^^^^^^^^^^^^^^^^^^^^^^^^^^^^^^^^^^^^^^^^^^^
> 174 |         </div>
      | ^^^^^^^^
  175 |       </div>
  176 |
  177 |       {/* Arrow + Social icons row */}

Parsing ecmascript source code failed

Import traces:
  Client Component Browser:
    ./src/components/HeroSection.tsx [Client Component Browser]
    ./src/app/page.tsx [Client Component Browser]
    ./src/app/page.tsx [Server Component]

  Client Component SSR:
    ./src/components/HeroSection.tsx [Client Component SSR]
    ./src/app/page.tsx [Client Component SSR]
    ./src/app/page.tsx [Server Component] @ http://localhost:3000/_next/static/chunks/node_modules_next_dist_1gdrd03._.js:1945
[ 1424438ms] [ERROR] ./src/components/HeroSection.tsx:173:16
Expected '</', got 'jsx text'
  171 |               mariages
  172 |             </a>
> 173 |           </h2>
      |                ^^^^^^^^^^^^^^^^^^^^^^^^^^^^^^^^^^^^^^^^^^^^^^^^^^^^^^^^^^^^^^^^^^^^^^^^^^^^^
> 174 |         </div>
      | ^^^^^^^^
  175 |       </div>
  176 |
  177 |       {/* Arrow + Social icons row */}

Parsing ecmascript source code failed

Import traces:
  Client Component Browser:
    ./src/components/HeroSection.tsx [Client Component Browser]
    ./src/app/page.tsx [Client Component Browser]
    ./src/app/page.tsx [Server Component]

  Client Component SSR:
    ./src/components/HeroSection.tsx [Client Component SSR]
    ./src/app/page.tsx [Client Component SSR]
    ./src/app/page.tsx [Server Component] @ http://localhost:3000/_next/static/chunks/node_modules_next_dist_1gdrd03._.js:1945
[ 1424501ms] [ERROR] ./src/components/HeroSection.tsx:173:16
Expected '</', got 'jsx text'
  171 |               mariages
  172 |             </a>
> 173 |           </h2>
      |                ^^^^^^^^^^^^^^^^^^^^^^^^^^^^^^^^^^^^^^^^^^^^^^^^^^^^^^^^^^^^^^^^^^^^^^^^^^^^^
> 174 |         </div>
      | ^^^^^^^^
  175 |       </div>
  176 |
  177 |       {/* Arrow + Social icons row */}

Parsing ecmascript source code failed

Import traces:
  Client Component Browser:
    ./src/components/HeroSection.tsx [Client Component Browser]
    ./src/app/page.tsx [Client Component Browser]
    ./src/app/page.tsx [Server Component]

  Client Component SSR:
    ./src/components/HeroSection.tsx [Client Component SSR]
    ./src/app/page.tsx [Client Component SSR]
    ./src/app/page.tsx [Server Component] @ http://localhost:3000/_next/static/chunks/node_modules_next_dist_1gdrd03._.js:1945
[ 1424563ms] [ERROR] ./src/components/HeroSection.tsx:173:16
Expected '</', got 'jsx text'
  171 |               mariages
  172 |             </a>
> 173 |           </h2>
      |                ^^^^^^^^^^^^^^^^^^^^^^^^^^^^^^^^^^^^^^^^^^^^^^^^^^^^^^^^^^^^^^^^^^^^^^^^^^^^^
> 174 |         </div>
      | ^^^^^^^^
  175 |       </div>
  176 |
  177 |       {/* Arrow + Social icons row */}

Parsing ecmascript source code failed

Import traces:
  Client Component Browser:
    ./src/components/HeroSection.tsx [Client Component Browser]
    ./src/app/page.tsx [Client Component Browser]
    ./src/app/page.tsx [Server Component]

  Client Component SSR:
    ./src/components/HeroSection.tsx [Client Component SSR]
    ./src/app/page.tsx [Client Component SSR]
    ./src/app/page.tsx [Server Component] @ http://localhost:3000/_next/static/chunks/node_modules_next_dist_1gdrd03._.js:1945
[ 1424627ms] [ERROR] ./src/components/HeroSection.tsx:173:16
Expected '</', got 'jsx text'
  171 |               mariages
  172 |             </a>
> 173 |           </h2>
      |                ^^^^^^^^^^^^^^^^^^^^^^^^^^^^^^^^^^^^^^^^^^^^^^^^^^^^^^^^^^^^^^^^^^^^^^^^^^^^^
> 174 |         </div>
      | ^^^^^^^^
  175 |       </div>
  176 |
  177 |       {/* Arrow + Social icons row */}

Parsing ecmascript source code failed

Import traces:
  Client Component Browser:
    ./src/components/HeroSection.tsx [Client Component Browser]
    ./src/app/page.tsx [Client Component Browser]
    ./src/app/page.tsx [Server Component]

  Client Component SSR:
    ./src/components/HeroSection.tsx [Client Component SSR]
    ./src/app/page.tsx [Client Component SSR]
    ./src/app/page.tsx [Server Component] @ http://localhost:3000/_next/static/chunks/node_modules_next_dist_1gdrd03._.js:1945
[ 1424689ms] [ERROR] ./src/components/HeroSection.tsx:173:16
Expected '</', got 'jsx text'
  171 |               mariages
  172 |             </a>
> 173 |           </h2>
      |                ^^^^^^^^^^^^^^^^^^^^^^^^^^^^^^^^^^^^^^^^^^^^^^^^^^^^^^^^^^^^^^^^^^^^^^^^^^^^^
> 174 |         </div>
      | ^^^^^^^^
  175 |       </div>
  176 |
  177 |       {/* Arrow + Social icons row */}

Parsing ecmascript source code failed

Import traces:
  Client Component Browser:
    ./src/components/HeroSection.tsx [Client Component Browser]
    ./src/app/page.tsx [Client Component Browser]
    ./src/app/page.tsx [Server Component]

  Client Component SSR:
    ./src/components/HeroSection.tsx [Client Component SSR]
    ./src/app/page.tsx [Client Component SSR]
    ./src/app/page.tsx [Server Component] @ http://localhost:3000/_next/static/chunks/node_modules_next_dist_1gdrd03._.js:1945
[ 1424751ms] [ERROR] ./src/components/HeroSection.tsx:173:16
Expected '</', got 'jsx text'
  171 |               mariages
  172 |             </a>
> 173 |           </h2>
      |                ^^^^^^^^^^^^^^^^^^^^^^^^^^^^^^^^^^^^^^^^^^^^^^^^^^^^^^^^^^^^^^^^^^^^^^^^^^^^^
> 174 |         </div>
      | ^^^^^^^^
  175 |       </div>
  176 |
  177 |       {/* Arrow + Social icons row */}

Parsing ecmascript source code failed

Import traces:
  Client Component Browser:
    ./src/components/HeroSection.tsx [Client Component Browser]
    ./src/app/page.tsx [Client Component Browser]
    ./src/app/page.tsx [Server Component]

  Client Component SSR:
    ./src/components/HeroSection.tsx [Client Component SSR]
    ./src/app/page.tsx [Client Component SSR]
    ./src/app/page.tsx [Server Component] @ http://localhost:3000/_next/static/chunks/node_modules_next_dist_1gdrd03._.js:1945
[ 1424813ms] [ERROR] ./src/components/HeroSection.tsx:173:16
Expected '</', got 'jsx text'
  171 |               mariages
  172 |             </a>
> 173 |           </h2>
      |                ^^^^^^^^^^^^^^^^^^^^^^^^^^^^^^^^^^^^^^^^^^^^^^^^^^^^^^^^^^^^^^^^^^^^^^^^^^^^^
> 174 |         </div>
      | ^^^^^^^^
  175 |       </div>
  176 |
  177 |       {/* Arrow + Social icons row */}

Parsing ecmascript source code failed

Import traces:
  Client Component Browser:
    ./src/components/HeroSection.tsx [Client Component Browser]
    ./src/app/page.tsx [Client Component Browser]
    ./src/app/page.tsx [Server Component]

  Client Component SSR:
    ./src/components/HeroSection.tsx [Client Component SSR]
    ./src/app/page.tsx [Client Component SSR]
    ./src/app/page.tsx [Server Component] @ http://localhost:3000/_next/static/chunks/node_modules_next_dist_1gdrd03._.js:1945
[ 1424876ms] [ERROR] ./src/components/HeroSection.tsx:173:16
Expected '</', got 'jsx text'
  171 |               mariages
  172 |             </a>
> 173 |           </h2>
      |                ^^^^^^^^^^^^^^^^^^^^^^^^^^^^^^^^^^^^^^^^^^^^^^^^^^^^^^^^^^^^^^^^^^^^^^^^^^^^^
> 174 |         </div>
      | ^^^^^^^^
  175 |       </div>
  176 |
  177 |       {/* Arrow + Social icons row */}

Parsing ecmascript source code failed

Import traces:
  Client Component Browser:
    ./src/components/HeroSection.tsx [Client Component Browser]
    ./src/app/page.tsx [Client Component Browser]
    ./src/app/page.tsx [Server Component]

  Client Component SSR:
    ./src/components/HeroSection.tsx [Client Component SSR]
    ./src/app/page.tsx [Client Component SSR]
    ./src/app/page.tsx [Server Component] @ http://localhost:3000/_next/static/chunks/node_modules_next_dist_1gdrd03._.js:1945
[ 1424938ms] [ERROR] ./src/components/HeroSection.tsx:173:16
Expected '</', got 'jsx text'
  171 |               mariages
  172 |             </a>
> 173 |           </h2>
      |                ^^^^^^^^^^^^^^^^^^^^^^^^^^^^^^^^^^^^^^^^^^^^^^^^^^^^^^^^^^^^^^^^^^^^^^^^^^^^^
> 174 |         </div>
      | ^^^^^^^^
  175 |       </div>
  176 |
  177 |       {/* Arrow + Social icons row */}

Parsing ecmascript source code failed

Import traces:
  Client Component Browser:
    ./src/components/HeroSection.tsx [Client Component Browser]
    ./src/app/page.tsx [Client Component Browser]
    ./src/app/page.tsx [Server Component]

  Client Component SSR:
    ./src/components/HeroSection.tsx [Client Component SSR]
    ./src/app/page.tsx [Client Component SSR]
    ./src/app/page.tsx [Server Component] @ http://localhost:3000/_next/static/chunks/node_modules_next_dist_1gdrd03._.js:1945
[ 1424998ms] [ERROR] ./src/components/HeroSection.tsx:173:16
Expected '</', got 'jsx text'
  171 |               mariages
  172 |             </a>
> 173 |           </h2>
      |                ^^^^^^^^^^^^^^^^^^^^^^^^^^^^^^^^^^^^^^^^^^^^^^^^^^^^^^^^^^^^^^^^^^^^^^^^^^^^^
> 174 |         </div>
      | ^^^^^^^^
  175 |       </div>
  176 |
  177 |       {/* Arrow + Social icons row */}

Parsing ecmascript source code failed

Import traces:
  Client Component Browser:
    ./src/components/HeroSection.tsx [Client Component Browser]
    ./src/app/page.tsx [Client Component Browser]
    ./src/app/page.tsx [Server Component]

  Client Component SSR:
    ./src/components/HeroSection.tsx [Client Component SSR]
    ./src/app/page.tsx [Client Component SSR]
    ./src/app/page.tsx [Server Component] @ http://localhost:3000/_next/static/chunks/node_modules_next_dist_1gdrd03._.js:1945
[ 1425058ms] [ERROR] ./src/components/HeroSection.tsx:173:16
Expected '</', got 'jsx text'
  171 |               mariages
  172 |             </a>
> 173 |           </h2>
      |                ^^^^^^^^^^^^^^^^^^^^^^^^^^^^^^^^^^^^^^^^^^^^^^^^^^^^^^^^^^^^^^^^^^^^^^^^^^^^^
> 174 |         </div>
      | ^^^^^^^^
  175 |       </div>
  176 |
  177 |       {/* Arrow + Social icons row */}

Parsing ecmascript source code failed

Import traces:
  Client Component Browser:
    ./src/components/HeroSection.tsx [Client Component Browser]
    ./src/app/page.tsx [Client Component Browser]
    ./src/app/page.tsx [Server Component]

  Client Component SSR:
    ./src/components/HeroSection.tsx [Client Component SSR]
    ./src/app/page.tsx [Client Component SSR]
    ./src/app/page.tsx [Server Component] @ http://localhost:3000/_next/static/chunks/node_modules_next_dist_1gdrd03._.js:1945
[ 1425118ms] [ERROR] ./src/components/HeroSection.tsx:173:16
Expected '</', got 'jsx text'
  171 |               mariages
  172 |             </a>
> 173 |           </h2>
      |                ^^^^^^^^^^^^^^^^^^^^^^^^^^^^^^^^^^^^^^^^^^^^^^^^^^^^^^^^^^^^^^^^^^^^^^^^^^^^^
> 174 |         </div>
      | ^^^^^^^^
  175 |       </div>
  176 |
  177 |       {/* Arrow + Social icons row */}

Parsing ecmascript source code failed

Import traces:
  Client Component Browser:
    ./src/components/HeroSection.tsx [Client Component Browser]
    ./src/app/page.tsx [Client Component Browser]
    ./src/app/page.tsx [Server Component]

  Client Component SSR:
    ./src/components/HeroSection.tsx [Client Component SSR]
    ./src/app/page.tsx [Client Component SSR]
    ./src/app/page.tsx [Server Component] @ http://localhost:3000/_next/static/chunks/node_modules_next_dist_1gdrd03._.js:1945
[ 1425179ms] [ERROR] ./src/components/HeroSection.tsx:173:16
Expected '</', got 'jsx text'
  171 |               mariages
  172 |             </a>
> 173 |           </h2>
      |                ^^^^^^^^^^^^^^^^^^^^^^^^^^^^^^^^^^^^^^^^^^^^^^^^^^^^^^^^^^^^^^^^^^^^^^^^^^^^^
> 174 |         </div>
      | ^^^^^^^^
  175 |       </div>
  176 |
  177 |       {/* Arrow + Social icons row */}

Parsing ecmascript source code failed

Import traces:
  Client Component Browser:
    ./src/components/HeroSection.tsx [Client Component Browser]
    ./src/app/page.tsx [Client Component Browser]
    ./src/app/page.tsx [Server Component]

  Client Component SSR:
    ./src/components/HeroSection.tsx [Client Component SSR]
    ./src/app/page.tsx [Client Component SSR]
    ./src/app/page.tsx [Server Component] @ http://localhost:3000/_next/static/chunks/node_modules_next_dist_1gdrd03._.js:1945
[ 1425238ms] [ERROR] ./src/components/HeroSection.tsx:173:16
Expected '</', got 'jsx text'
  171 |               mariages
  172 |             </a>
> 173 |           </h2>
      |                ^^^^^^^^^^^^^^^^^^^^^^^^^^^^^^^^^^^^^^^^^^^^^^^^^^^^^^^^^^^^^^^^^^^^^^^^^^^^^
> 174 |         </div>
      | ^^^^^^^^
  175 |       </div>
  176 |
  177 |       {/* Arrow + Social icons row */}

Parsing ecmascript source code failed

Import traces:
  Client Component Browser:
    ./src/components/HeroSection.tsx [Client Component Browser]
    ./src/app/page.tsx [Client Component Browser]
    ./src/app/page.tsx [Server Component]

  Client Component SSR:
    ./src/components/HeroSection.tsx [Client Component SSR]
    ./src/app/page.tsx [Client Component SSR]
    ./src/app/page.tsx [Server Component] @ http://localhost:3000/_next/static/chunks/node_modules_next_dist_1gdrd03._.js:1945
[ 1425298ms] [ERROR] ./src/components/HeroSection.tsx:173:16
Expected '</', got 'jsx text'
  171 |               mariages
  172 |             </a>
> 173 |           </h2>
      |                ^^^^^^^^^^^^^^^^^^^^^^^^^^^^^^^^^^^^^^^^^^^^^^^^^^^^^^^^^^^^^^^^^^^^^^^^^^^^^
> 174 |         </div>
      | ^^^^^^^^
  175 |       </div>
  176 |
  177 |       {/* Arrow + Social icons row */}

Parsing ecmascript source code failed

Import traces:
  Client Component Browser:
    ./src/components/HeroSection.tsx [Client Component Browser]
    ./src/app/page.tsx [Client Component Browser]
    ./src/app/page.tsx [Server Component]

  Client Component SSR:
    ./src/components/HeroSection.tsx [Client Component SSR]
    ./src/app/page.tsx [Client Component SSR]
    ./src/app/page.tsx [Server Component] @ http://localhost:3000/_next/static/chunks/node_modules_next_dist_1gdrd03._.js:1945
[ 1425358ms] [ERROR] ./src/components/HeroSection.tsx:173:16
Expected '</', got 'jsx text'
  171 |               mariages
  172 |             </a>
> 173 |           </h2>
      |                ^^^^^^^^^^^^^^^^^^^^^^^^^^^^^^^^^^^^^^^^^^^^^^^^^^^^^^^^^^^^^^^^^^^^^^^^^^^^^
> 174 |         </div>
      | ^^^^^^^^
  175 |       </div>
  176 |
  177 |       {/* Arrow + Social icons row */}

Parsing ecmascript source code failed

Import traces:
  Client Component Browser:
    ./src/components/HeroSection.tsx [Client Component Browser]
    ./src/app/page.tsx [Client Component Browser]
    ./src/app/page.tsx [Server Component]

  Client Component SSR:
    ./src/components/HeroSection.tsx [Client Component SSR]
    ./src/app/page.tsx [Client Component SSR]
    ./src/app/page.tsx [Server Component] @ http://localhost:3000/_next/static/chunks/node_modules_next_dist_1gdrd03._.js:1945
[ 1425418ms] [ERROR] ./src/components/HeroSection.tsx:173:16
Expected '</', got 'jsx text'
  171 |               mariages
  172 |             </a>
> 173 |           </h2>
      |                ^^^^^^^^^^^^^^^^^^^^^^^^^^^^^^^^^^^^^^^^^^^^^^^^^^^^^^^^^^^^^^^^^^^^^^^^^^^^^
> 174 |         </div>
      | ^^^^^^^^
  175 |       </div>
  176 |
  177 |       {/* Arrow + Social icons row */}

Parsing ecmascript source code failed

Import traces:
  Client Component Browser:
    ./src/components/HeroSection.tsx [Client Component Browser]
    ./src/app/page.tsx [Client Component Browser]
    ./src/app/page.tsx [Server Component]

  Client Component SSR:
    ./src/components/HeroSection.tsx [Client Component SSR]
    ./src/app/page.tsx [Client Component SSR]
    ./src/app/page.tsx [Server Component] @ http://localhost:3000/_next/static/chunks/node_modules_next_dist_1gdrd03._.js:1945
[ 1425477ms] [ERROR] ./src/components/HeroSection.tsx:173:16
Expected '</', got 'jsx text'
  171 |               mariages
  172 |             </a>
> 173 |           </h2>
      |                ^^^^^^^^^^^^^^^^^^^^^^^^^^^^^^^^^^^^^^^^^^^^^^^^^^^^^^^^^^^^^^^^^^^^^^^^^^^^^
> 174 |         </div>
      | ^^^^^^^^
  175 |       </div>
  176 |
  177 |       {/* Arrow + Social icons row */}

Parsing ecmascript source code failed

Import traces:
  Client Component Browser:
    ./src/components/HeroSection.tsx [Client Component Browser]
    ./src/app/page.tsx [Client Component Browser]
    ./src/app/page.tsx [Server Component]

  Client Component SSR:
    ./src/components/HeroSection.tsx [Client Component SSR]
    ./src/app/page.tsx [Client Component SSR]
    ./src/app/page.tsx [Server Component] @ http://localhost:3000/_next/static/chunks/node_modules_next_dist_1gdrd03._.js:1945
[ 1425541ms] [ERROR] ./src/components/HeroSection.tsx:173:16
Expected '</', got 'jsx text'
  171 |               mariages
  172 |             </a>
> 173 |           </h2>
      |                ^^^^^^^^^^^^^^^^^^^^^^^^^^^^^^^^^^^^^^^^^^^^^^^^^^^^^^^^^^^^^^^^^^^^^^^^^^^^^
> 174 |         </div>
      | ^^^^^^^^
  175 |       </div>
  176 |
  177 |       {/* Arrow + Social icons row */}

Parsing ecmascript source code failed

Import traces:
  Client Component Browser:
    ./src/components/HeroSection.tsx [Client Component Browser]
    ./src/app/page.tsx [Client Component Browser]
    ./src/app/page.tsx [Server Component]

  Client Component SSR:
    ./src/components/HeroSection.tsx [Client Component SSR]
    ./src/app/page.tsx [Client Component SSR]
    ./src/app/page.tsx [Server Component] @ http://localhost:3000/_next/static/chunks/node_modules_next_dist_1gdrd03._.js:1945
[ 1425605ms] [ERROR] ./src/components/HeroSection.tsx:173:16
Expected '</', got 'jsx text'
  171 |               mariages
  172 |             </a>
> 173 |           </h2>
      |                ^^^^^^^^^^^^^^^^^^^^^^^^^^^^^^^^^^^^^^^^^^^^^^^^^^^^^^^^^^^^^^^^^^^^^^^^^^^^^
> 174 |         </div>
      | ^^^^^^^^
  175 |       </div>
  176 |
  177 |       {/* Arrow + Social icons row */}

Parsing ecmascript source code failed

Import traces:
  Client Component Browser:
    ./src/components/HeroSection.tsx [Client Component Browser]
    ./src/app/page.tsx [Client Component Browser]
    ./src/app/page.tsx [Server Component]

  Client Component SSR:
    ./src/components/HeroSection.tsx [Client Component SSR]
    ./src/app/page.tsx [Client Component SSR]
    ./src/app/page.tsx [Server Component] @ http://localhost:3000/_next/static/chunks/node_modules_next_dist_1gdrd03._.js:1945
[ 1425669ms] [ERROR] ./src/components/HeroSection.tsx:173:16
Expected '</', got 'jsx text'
  171 |               mariages
  172 |             </a>
> 173 |           </h2>
      |                ^^^^^^^^^^^^^^^^^^^^^^^^^^^^^^^^^^^^^^^^^^^^^^^^^^^^^^^^^^^^^^^^^^^^^^^^^^^^^
> 174 |         </div>
      | ^^^^^^^^
  175 |       </div>
  176 |
  177 |       {/* Arrow + Social icons row */}

Parsing ecmascript source code failed

Import traces:
  Client Component Browser:
    ./src/components/HeroSection.tsx [Client Component Browser]
    ./src/app/page.tsx [Client Component Browser]
    ./src/app/page.tsx [Server Component]

  Client Component SSR:
    ./src/components/HeroSection.tsx [Client Component SSR]
    ./src/app/page.tsx [Client Component SSR]
    ./src/app/page.tsx [Server Component] @ http://localhost:3000/_next/static/chunks/node_modules_next_dist_1gdrd03._.js:1945
[ 1425732ms] [ERROR] ./src/components/HeroSection.tsx:173:16
Expected '</', got 'jsx text'
  171 |               mariages
  172 |             </a>
> 173 |           </h2>
      |                ^^^^^^^^^^^^^^^^^^^^^^^^^^^^^^^^^^^^^^^^^^^^^^^^^^^^^^^^^^^^^^^^^^^^^^^^^^^^^
> 174 |         </div>
      | ^^^^^^^^
  175 |       </div>
  176 |
  177 |       {/* Arrow + Social icons row */}

Parsing ecmascript source code failed

Import traces:
  Client Component Browser:
    ./src/components/HeroSection.tsx [Client Component Browser]
    ./src/app/page.tsx [Client Component Browser]
    ./src/app/page.tsx [Server Component]

  Client Component SSR:
    ./src/components/HeroSection.tsx [Client Component SSR]
    ./src/app/page.tsx [Client Component SSR]
    ./src/app/page.tsx [Server Component] @ http://localhost:3000/_next/static/chunks/node_modules_next_dist_1gdrd03._.js:1945
[ 1425795ms] [ERROR] ./src/components/HeroSection.tsx:173:16
Expected '</', got 'jsx text'
  171 |               mariages
  172 |             </a>
> 173 |           </h2>
      |                ^^^^^^^^^^^^^^^^^^^^^^^^^^^^^^^^^^^^^^^^^^^^^^^^^^^^^^^^^^^^^^^^^^^^^^^^^^^^^
> 174 |         </div>
      | ^^^^^^^^
  175 |       </div>
  176 |
  177 |       {/* Arrow + Social icons row */}

Parsing ecmascript source code failed

Import traces:
  Client Component Browser:
    ./src/components/HeroSection.tsx [Client Component Browser]
    ./src/app/page.tsx [Client Component Browser]
    ./src/app/page.tsx [Server Component]

  Client Component SSR:
    ./src/components/HeroSection.tsx [Client Component SSR]
    ./src/app/page.tsx [Client Component SSR]
    ./src/app/page.tsx [Server Component] @ http://localhost:3000/_next/static/chunks/node_modules_next_dist_1gdrd03._.js:1945
[ 1425859ms] [ERROR] ./src/components/HeroSection.tsx:173:16
Expected '</', got 'jsx text'
  171 |               mariages
  172 |             </a>
> 173 |           </h2>
      |                ^^^^^^^^^^^^^^^^^^^^^^^^^^^^^^^^^^^^^^^^^^^^^^^^^^^^^^^^^^^^^^^^^^^^^^^^^^^^^
> 174 |         </div>
      | ^^^^^^^^
  175 |       </div>
  176 |
  177 |       {/* Arrow + Social icons row */}

Parsing ecmascript source code failed

Import traces:
  Client Component Browser:
    ./src/components/HeroSection.tsx [Client Component Browser]
    ./src/app/page.tsx [Client Component Browser]
    ./src/app/page.tsx [Server Component]

  Client Component SSR:
    ./src/components/HeroSection.tsx [Client Component SSR]
    ./src/app/page.tsx [Client Component SSR]
    ./src/app/page.tsx [Server Component] @ http://localhost:3000/_next/static/chunks/node_modules_next_dist_1gdrd03._.js:1945
[ 1425923ms] [ERROR] ./src/components/HeroSection.tsx:173:16
Expected '</', got 'jsx text'
  171 |               mariages
  172 |             </a>
> 173 |           </h2>
      |                ^^^^^^^^^^^^^^^^^^^^^^^^^^^^^^^^^^^^^^^^^^^^^^^^^^^^^^^^^^^^^^^^^^^^^^^^^^^^^
> 174 |         </div>
      | ^^^^^^^^
  175 |       </div>
  176 |
  177 |       {/* Arrow + Social icons row */}

Parsing ecmascript source code failed

Import traces:
  Client Component Browser:
    ./src/components/HeroSection.tsx [Client Component Browser]
    ./src/app/page.tsx [Client Component Browser]
    ./src/app/page.tsx [Server Component]

  Client Component SSR:
    ./src/components/HeroSection.tsx [Client Component SSR]
    ./src/app/page.tsx [Client Component SSR]
    ./src/app/page.tsx [Server Component] @ http://localhost:3000/_next/static/chunks/node_modules_next_dist_1gdrd03._.js:1945
[ 1425988ms] [ERROR] ./src/components/HeroSection.tsx:173:16
Expected '</', got 'jsx text'
  171 |               mariages
  172 |             </a>
> 173 |           </h2>
      |                ^^^^^^^^^^^^^^^^^^^^^^^^^^^^^^^^^^^^^^^^^^^^^^^^^^^^^^^^^^^^^^^^^^^^^^^^^^^^^
> 174 |         </div>
      | ^^^^^^^^
  175 |       </div>
  176 |
  177 |       {/* Arrow + Social icons row */}

Parsing ecmascript source code failed

Import traces:
  Client Component Browser:
    ./src/components/HeroSection.tsx [Client Component Browser]
    ./src/app/page.tsx [Client Component Browser]
    ./src/app/page.tsx [Server Component]

  Client Component SSR:
    ./src/components/HeroSection.tsx [Client Component SSR]
    ./src/app/page.tsx [Client Component SSR]
    ./src/app/page.tsx [Server Component] @ http://localhost:3000/_next/static/chunks/node_modules_next_dist_1gdrd03._.js:1945
[ 1426050ms] [ERROR] ./src/components/HeroSection.tsx:173:16
Expected '</', got 'jsx text'
  171 |               mariages
  172 |             </a>
> 173 |           </h2>
      |                ^^^^^^^^^^^^^^^^^^^^^^^^^^^^^^^^^^^^^^^^^^^^^^^^^^^^^^^^^^^^^^^^^^^^^^^^^^^^^
> 174 |         </div>
      | ^^^^^^^^
  175 |       </div>
  176 |
  177 |       {/* Arrow + Social icons row */}

Parsing ecmascript source code failed

Import traces:
  Client Component Browser:
    ./src/components/HeroSection.tsx [Client Component Browser]
    ./src/app/page.tsx [Client Component Browser]
    ./src/app/page.tsx [Server Component]

  Client Component SSR:
    ./src/components/HeroSection.tsx [Client Component SSR]
    ./src/app/page.tsx [Client Component SSR]
    ./src/app/page.tsx [Server Component] @ http://localhost:3000/_next/static/chunks/node_modules_next_dist_1gdrd03._.js:1945
[ 1426113ms] [ERROR] ./src/components/HeroSection.tsx:173:16
Expected '</', got 'jsx text'
  171 |               mariages
  172 |             </a>
> 173 |           </h2>
      |                ^^^^^^^^^^^^^^^^^^^^^^^^^^^^^^^^^^^^^^^^^^^^^^^^^^^^^^^^^^^^^^^^^^^^^^^^^^^^^
> 174 |         </div>
      | ^^^^^^^^
  175 |       </div>
  176 |
  177 |       {/* Arrow + Social icons row */}

Parsing ecmascript source code failed

Import traces:
  Client Component Browser:
    ./src/components/HeroSection.tsx [Client Component Browser]
    ./src/app/page.tsx [Client Component Browser]
    ./src/app/page.tsx [Server Component]

  Client Component SSR:
    ./src/components/HeroSection.tsx [Client Component SSR]
    ./src/app/page.tsx [Client Component SSR]
    ./src/app/page.tsx [Server Component] @ http://localhost:3000/_next/static/chunks/node_modules_next_dist_1gdrd03._.js:1945
[ 1426177ms] [ERROR] ./src/components/HeroSection.tsx:173:16
Expected '</', got 'jsx text'
  171 |               mariages
  172 |             </a>
> 173 |           </h2>
      |                ^^^^^^^^^^^^^^^^^^^^^^^^^^^^^^^^^^^^^^^^^^^^^^^^^^^^^^^^^^^^^^^^^^^^^^^^^^^^^
> 174 |         </div>
      | ^^^^^^^^
  175 |       </div>
  176 |
  177 |       {/* Arrow + Social icons row */}

Parsing ecmascript source code failed

Import traces:
  Client Component Browser:
    ./src/components/HeroSection.tsx [Client Component Browser]
    ./src/app/page.tsx [Client Component Browser]
    ./src/app/page.tsx [Server Component]

  Client Component SSR:
    ./src/components/HeroSection.tsx [Client Component SSR]
    ./src/app/page.tsx [Client Component SSR]
    ./src/app/page.tsx [Server Component] @ http://localhost:3000/_next/static/chunks/node_modules_next_dist_1gdrd03._.js:1945
[ 1426241ms] [ERROR] ./src/components/HeroSection.tsx:173:16
Expected '</', got 'jsx text'
  171 |               mariages
  172 |             </a>
> 173 |           </h2>
      |                ^^^^^^^^^^^^^^^^^^^^^^^^^^^^^^^^^^^^^^^^^^^^^^^^^^^^^^^^^^^^^^^^^^^^^^^^^^^^^
> 174 |         </div>
      | ^^^^^^^^
  175 |       </div>
  176 |
  177 |       {/* Arrow + Social icons row */}

Parsing ecmascript source code failed

Import traces:
  Client Component Browser:
    ./src/components/HeroSection.tsx [Client Component Browser]
    ./src/app/page.tsx [Client Component Browser]
    ./src/app/page.tsx [Server Component]

  Client Component SSR:
    ./src/components/HeroSection.tsx [Client Component SSR]
    ./src/app/page.tsx [Client Component SSR]
    ./src/app/page.tsx [Server Component] @ http://localhost:3000/_next/static/chunks/node_modules_next_dist_1gdrd03._.js:1945
[ 1426304ms] [ERROR] ./src/components/HeroSection.tsx:173:16
Expected '</', got 'jsx text'
  171 |               mariages
  172 |             </a>
> 173 |           </h2>
      |                ^^^^^^^^^^^^^^^^^^^^^^^^^^^^^^^^^^^^^^^^^^^^^^^^^^^^^^^^^^^^^^^^^^^^^^^^^^^^^
> 174 |         </div>
      | ^^^^^^^^
  175 |       </div>
  176 |
  177 |       {/* Arrow + Social icons row */}

Parsing ecmascript source code failed

Import traces:
  Client Component Browser:
    ./src/components/HeroSection.tsx [Client Component Browser]
    ./src/app/page.tsx [Client Component Browser]
    ./src/app/page.tsx [Server Component]

  Client Component SSR:
    ./src/components/HeroSection.tsx [Client Component SSR]
    ./src/app/page.tsx [Client Component SSR]
    ./src/app/page.tsx [Server Component] @ http://localhost:3000/_next/static/chunks/node_modules_next_dist_1gdrd03._.js:1945
[ 1426367ms] [ERROR] ./src/components/HeroSection.tsx:173:16
Expected '</', got 'jsx text'
  171 |               mariages
  172 |             </a>
> 173 |           </h2>
      |                ^^^^^^^^^^^^^^^^^^^^^^^^^^^^^^^^^^^^^^^^^^^^^^^^^^^^^^^^^^^^^^^^^^^^^^^^^^^^^
> 174 |         </div>
      | ^^^^^^^^
  175 |       </div>
  176 |
  177 |       {/* Arrow + Social icons row */}

Parsing ecmascript source code failed

Import traces:
  Client Component Browser:
    ./src/components/HeroSection.tsx [Client Component Browser]
    ./src/app/page.tsx [Client Component Browser]
    ./src/app/page.tsx [Server Component]

  Client Component SSR:
    ./src/components/HeroSection.tsx [Client Component SSR]
    ./src/app/page.tsx [Client Component SSR]
    ./src/app/page.tsx [Server Component] @ http://localhost:3000/_next/static/chunks/node_modules_next_dist_1gdrd03._.js:1945
[ 1426431ms] [ERROR] ./src/components/HeroSection.tsx:173:16
Expected '</', got 'jsx text'
  171 |               mariages
  172 |             </a>
> 173 |           </h2>
      |                ^^^^^^^^^^^^^^^^^^^^^^^^^^^^^^^^^^^^^^^^^^^^^^^^^^^^^^^^^^^^^^^^^^^^^^^^^^^^^
> 174 |         </div>
      | ^^^^^^^^
  175 |       </div>
  176 |
  177 |       {/* Arrow + Social icons row */}

Parsing ecmascript source code failed

Import traces:
  Client Component Browser:
    ./src/components/HeroSection.tsx [Client Component Browser]
    ./src/app/page.tsx [Client Component Browser]
    ./src/app/page.tsx [Server Component]

  Client Component SSR:
    ./src/components/HeroSection.tsx [Client Component SSR]
    ./src/app/page.tsx [Client Component SSR]
    ./src/app/page.tsx [Server Component] @ http://localhost:3000/_next/static/chunks/node_modules_next_dist_1gdrd03._.js:1945
[ 1426493ms] [ERROR] ./src/components/HeroSection.tsx:173:16
Expected '</', got 'jsx text'
  171 |               mariages
  172 |             </a>
> 173 |           </h2>
      |                ^^^^^^^^^^^^^^^^^^^^^^^^^^^^^^^^^^^^^^^^^^^^^^^^^^^^^^^^^^^^^^^^^^^^^^^^^^^^^
> 174 |         </div>
      | ^^^^^^^^
  175 |       </div>
  176 |
  177 |       {/* Arrow + Social icons row */}

Parsing ecmascript source code failed

Import traces:
  Client Component Browser:
    ./src/components/HeroSection.tsx [Client Component Browser]
    ./src/app/page.tsx [Client Component Browser]
    ./src/app/page.tsx [Server Component]

  Client Component SSR:
    ./src/components/HeroSection.tsx [Client Component SSR]
    ./src/app/page.tsx [Client Component SSR]
    ./src/app/page.tsx [Server Component] @ http://localhost:3000/_next/static/chunks/node_modules_next_dist_1gdrd03._.js:1945
[ 1426557ms] [ERROR] ./src/components/HeroSection.tsx:173:16
Expected '</', got 'jsx text'
  171 |               mariages
  172 |             </a>
> 173 |           </h2>
      |                ^^^^^^^^^^^^^^^^^^^^^^^^^^^^^^^^^^^^^^^^^^^^^^^^^^^^^^^^^^^^^^^^^^^^^^^^^^^^^
> 174 |         </div>
      | ^^^^^^^^
  175 |       </div>
  176 |
  177 |       {/* Arrow + Social icons row */}

Parsing ecmascript source code failed

Import traces:
  Client Component Browser:
    ./src/components/HeroSection.tsx [Client Component Browser]
    ./src/app/page.tsx [Client Component Browser]
    ./src/app/page.tsx [Server Component]

  Client Component SSR:
    ./src/components/HeroSection.tsx [Client Component SSR]
    ./src/app/page.tsx [Client Component SSR]
    ./src/app/page.tsx [Server Component] @ http://localhost:3000/_next/static/chunks/node_modules_next_dist_1gdrd03._.js:1945
[ 1426620ms] [ERROR] ./src/components/HeroSection.tsx:173:16
Expected '</', got 'jsx text'
  171 |               mariages
  172 |             </a>
> 173 |           </h2>
      |                ^^^^^^^^^^^^^^^^^^^^^^^^^^^^^^^^^^^^^^^^^^^^^^^^^^^^^^^^^^^^^^^^^^^^^^^^^^^^^
> 174 |         </div>
      | ^^^^^^^^
  175 |       </div>
  176 |
  177 |       {/* Arrow + Social icons row */}

Parsing ecmascript source code failed

Import traces:
  Client Component Browser:
    ./src/components/HeroSection.tsx [Client Component Browser]
    ./src/app/page.tsx [Client Component Browser]
    ./src/app/page.tsx [Server Component]

  Client Component SSR:
    ./src/components/HeroSection.tsx [Client Component SSR]
    ./src/app/page.tsx [Client Component SSR]
    ./src/app/page.tsx [Server Component] @ http://localhost:3000/_next/static/chunks/node_modules_next_dist_1gdrd03._.js:1945
[ 1426683ms] [ERROR] ./src/components/HeroSection.tsx:173:16
Expected '</', got 'jsx text'
  171 |               mariages
  172 |             </a>
> 173 |           </h2>
      |                ^^^^^^^^^^^^^^^^^^^^^^^^^^^^^^^^^^^^^^^^^^^^^^^^^^^^^^^^^^^^^^^^^^^^^^^^^^^^^
> 174 |         </div>
      | ^^^^^^^^
  175 |       </div>
  176 |
  177 |       {/* Arrow + Social icons row */}

Parsing ecmascript source code failed

Import traces:
  Client Component Browser:
    ./src/components/HeroSection.tsx [Client Component Browser]
    ./src/app/page.tsx [Client Component Browser]
    ./src/app/page.tsx [Server Component]

  Client Component SSR:
    ./src/components/HeroSection.tsx [Client Component SSR]
    ./src/app/page.tsx [Client Component SSR]
    ./src/app/page.tsx [Server Component] @ http://localhost:3000/_next/static/chunks/node_modules_next_dist_1gdrd03._.js:1945
[ 1426747ms] [ERROR] ./src/components/HeroSection.tsx:173:16
Expected '</', got 'jsx text'
  171 |               mariages
  172 |             </a>
> 173 |           </h2>
      |                ^^^^^^^^^^^^^^^^^^^^^^^^^^^^^^^^^^^^^^^^^^^^^^^^^^^^^^^^^^^^^^^^^^^^^^^^^^^^^
> 174 |         </div>
      | ^^^^^^^^
  175 |       </div>
  176 |
  177 |       {/* Arrow + Social icons row */}

Parsing ecmascript source code failed

Import traces:
  Client Component Browser:
    ./src/components/HeroSection.tsx [Client Component Browser]
    ./src/app/page.tsx [Client Component Browser]
    ./src/app/page.tsx [Server Component]

  Client Component SSR:
    ./src/components/HeroSection.tsx [Client Component SSR]
    ./src/app/page.tsx [Client Component SSR]
    ./src/app/page.tsx [Server Component] @ http://localhost:3000/_next/static/chunks/node_modules_next_dist_1gdrd03._.js:1945
[ 1426810ms] [ERROR] ./src/components/HeroSection.tsx:173:16
Expected '</', got 'jsx text'
  171 |               mariages
  172 |             </a>
> 173 |           </h2>
      |                ^^^^^^^^^^^^^^^^^^^^^^^^^^^^^^^^^^^^^^^^^^^^^^^^^^^^^^^^^^^^^^^^^^^^^^^^^^^^^
> 174 |         </div>
      | ^^^^^^^^
  175 |       </div>
  176 |
  177 |       {/* Arrow + Social icons row */}

Parsing ecmascript source code failed

Import traces:
  Client Component Browser:
    ./src/components/HeroSection.tsx [Client Component Browser]
    ./src/app/page.tsx [Client Component Browser]
    ./src/app/page.tsx [Server Component]

  Client Component SSR:
    ./src/components/HeroSection.tsx [Client Component SSR]
    ./src/app/page.tsx [Client Component SSR]
    ./src/app/page.tsx [Server Component] @ http://localhost:3000/_next/static/chunks/node_modules_next_dist_1gdrd03._.js:1945
[ 1426873ms] [ERROR] ./src/components/HeroSection.tsx:173:16
Expected '</', got 'jsx text'
  171 |               mariages
  172 |             </a>
> 173 |           </h2>
      |                ^^^^^^^^^^^^^^^^^^^^^^^^^^^^^^^^^^^^^^^^^^^^^^^^^^^^^^^^^^^^^^^^^^^^^^^^^^^^^
> 174 |         </div>
      | ^^^^^^^^
  175 |       </div>
  176 |
  177 |       {/* Arrow + Social icons row */}

Parsing ecmascript source code failed

Import traces:
  Client Component Browser:
    ./src/components/HeroSection.tsx [Client Component Browser]
    ./src/app/page.tsx [Client Component Browser]
    ./src/app/page.tsx [Server Component]

  Client Component SSR:
    ./src/components/HeroSection.tsx [Client Component SSR]
    ./src/app/page.tsx [Client Component SSR]
    ./src/app/page.tsx [Server Component] @ http://localhost:3000/_next/static/chunks/node_modules_next_dist_1gdrd03._.js:1945
[ 1426939ms] [ERROR] ./src/components/HeroSection.tsx:173:16
Expected '</', got 'jsx text'
  171 |               mariages
  172 |             </a>
> 173 |           </h2>
      |                ^^^^^^^^^^^^^^^^^^^^^^^^^^^^^^^^^^^^^^^^^^^^^^^^^^^^^^^^^^^^^^^^^^^^^^^^^^^^^
> 174 |         </div>
      | ^^^^^^^^
  175 |       </div>
  176 |
  177 |       {/* Arrow + Social icons row */}

Parsing ecmascript source code failed

Import traces:
  Client Component Browser:
    ./src/components/HeroSection.tsx [Client Component Browser]
    ./src/app/page.tsx [Client Component Browser]
    ./src/app/page.tsx [Server Component]

  Client Component SSR:
    ./src/components/HeroSection.tsx [Client Component SSR]
    ./src/app/page.tsx [Client Component SSR]
    ./src/app/page.tsx [Server Component] @ http://localhost:3000/_next/static/chunks/node_modules_next_dist_1gdrd03._.js:1945
[ 1427002ms] [ERROR] ./src/components/HeroSection.tsx:173:16
Expected '</', got 'jsx text'
  171 |               mariages
  172 |             </a>
> 173 |           </h2>
      |                ^^^^^^^^^^^^^^^^^^^^^^^^^^^^^^^^^^^^^^^^^^^^^^^^^^^^^^^^^^^^^^^^^^^^^^^^^^^^^
> 174 |         </div>
      | ^^^^^^^^
  175 |       </div>
  176 |
  177 |       {/* Arrow + Social icons row */}

Parsing ecmascript source code failed

Import traces:
  Client Component Browser:
    ./src/components/HeroSection.tsx [Client Component Browser]
    ./src/app/page.tsx [Client Component Browser]
    ./src/app/page.tsx [Server Component]

  Client Component SSR:
    ./src/components/HeroSection.tsx [Client Component SSR]
    ./src/app/page.tsx [Client Component SSR]
    ./src/app/page.tsx [Server Component] @ http://localhost:3000/_next/static/chunks/node_modules_next_dist_1gdrd03._.js:1945
[ 1427065ms] [ERROR] ./src/components/HeroSection.tsx:173:16
Expected '</', got 'jsx text'
  171 |               mariages
  172 |             </a>
> 173 |           </h2>
      |                ^^^^^^^^^^^^^^^^^^^^^^^^^^^^^^^^^^^^^^^^^^^^^^^^^^^^^^^^^^^^^^^^^^^^^^^^^^^^^
> 174 |         </div>
      | ^^^^^^^^
  175 |       </div>
  176 |
  177 |       {/* Arrow + Social icons row */}

Parsing ecmascript source code failed

Import traces:
  Client Component Browser:
    ./src/components/HeroSection.tsx [Client Component Browser]
    ./src/app/page.tsx [Client Component Browser]
    ./src/app/page.tsx [Server Component]

  Client Component SSR:
    ./src/components/HeroSection.tsx [Client Component SSR]
    ./src/app/page.tsx [Client Component SSR]
    ./src/app/page.tsx [Server Component] @ http://localhost:3000/_next/static/chunks/node_modules_next_dist_1gdrd03._.js:1945
[ 1427129ms] [ERROR] ./src/components/HeroSection.tsx:173:16
Expected '</', got 'jsx text'
  171 |               mariages
  172 |             </a>
> 173 |           </h2>
      |                ^^^^^^^^^^^^^^^^^^^^^^^^^^^^^^^^^^^^^^^^^^^^^^^^^^^^^^^^^^^^^^^^^^^^^^^^^^^^^
> 174 |         </div>
      | ^^^^^^^^
  175 |       </div>
  176 |
  177 |       {/* Arrow + Social icons row */}

Parsing ecmascript source code failed

Import traces:
  Client Component Browser:
    ./src/components/HeroSection.tsx [Client Component Browser]
    ./src/app/page.tsx [Client Component Browser]
    ./src/app/page.tsx [Server Component]

  Client Component SSR:
    ./src/components/HeroSection.tsx [Client Component SSR]
    ./src/app/page.tsx [Client Component SSR]
    ./src/app/page.tsx [Server Component] @ http://localhost:3000/_next/static/chunks/node_modules_next_dist_1gdrd03._.js:1945
[ 1427193ms] [ERROR] ./src/components/HeroSection.tsx:173:16
Expected '</', got 'jsx text'
  171 |               mariages
  172 |             </a>
> 173 |           </h2>
      |                ^^^^^^^^^^^^^^^^^^^^^^^^^^^^^^^^^^^^^^^^^^^^^^^^^^^^^^^^^^^^^^^^^^^^^^^^^^^^^
> 174 |         </div>
      | ^^^^^^^^
  175 |       </div>
  176 |
  177 |       {/* Arrow + Social icons row */}

Parsing ecmascript source code failed

Import traces:
  Client Component Browser:
    ./src/components/HeroSection.tsx [Client Component Browser]
    ./src/app/page.tsx [Client Component Browser]
    ./src/app/page.tsx [Server Component]

  Client Component SSR:
    ./src/components/HeroSection.tsx [Client Component SSR]
    ./src/app/page.tsx [Client Component SSR]
    ./src/app/page.tsx [Server Component] @ http://localhost:3000/_next/static/chunks/node_modules_next_dist_1gdrd03._.js:1945
[ 1427257ms] [ERROR] ./src/components/HeroSection.tsx:173:16
Expected '</', got 'jsx text'
  171 |               mariages
  172 |             </a>
> 173 |           </h2>
      |                ^^^^^^^^^^^^^^^^^^^^^^^^^^^^^^^^^^^^^^^^^^^^^^^^^^^^^^^^^^^^^^^^^^^^^^^^^^^^^
> 174 |         </div>
      | ^^^^^^^^
  175 |       </div>
  176 |
  177 |       {/* Arrow + Social icons row */}

Parsing ecmascript source code failed

Import traces:
  Client Component Browser:
    ./src/components/HeroSection.tsx [Client Component Browser]
    ./src/app/page.tsx [Client Component Browser]
    ./src/app/page.tsx [Server Component]

  Client Component SSR:
    ./src/components/HeroSection.tsx [Client Component SSR]
    ./src/app/page.tsx [Client Component SSR]
    ./src/app/page.tsx [Server Component] @ http://localhost:3000/_next/static/chunks/node_modules_next_dist_1gdrd03._.js:1945
[ 1427320ms] [ERROR] ./src/components/HeroSection.tsx:173:16
Expected '</', got 'jsx text'
  171 |               mariages
  172 |             </a>
> 173 |           </h2>
      |                ^^^^^^^^^^^^^^^^^^^^^^^^^^^^^^^^^^^^^^^^^^^^^^^^^^^^^^^^^^^^^^^^^^^^^^^^^^^^^
> 174 |         </div>
      | ^^^^^^^^
  175 |       </div>
  176 |
  177 |       {/* Arrow + Social icons row */}

Parsing ecmascript source code failed

Import traces:
  Client Component Browser:
    ./src/components/HeroSection.tsx [Client Component Browser]
    ./src/app/page.tsx [Client Component Browser]
    ./src/app/page.tsx [Server Component]

  Client Component SSR:
    ./src/components/HeroSection.tsx [Client Component SSR]
    ./src/app/page.tsx [Client Component SSR]
    ./src/app/page.tsx [Server Component] @ http://localhost:3000/_next/static/chunks/node_modules_next_dist_1gdrd03._.js:1945
[ 1427383ms] [ERROR] ./src/components/HeroSection.tsx:173:16
Expected '</', got 'jsx text'
  171 |               mariages
  172 |             </a>
> 173 |           </h2>
      |                ^^^^^^^^^^^^^^^^^^^^^^^^^^^^^^^^^^^^^^^^^^^^^^^^^^^^^^^^^^^^^^^^^^^^^^^^^^^^^
> 174 |         </div>
      | ^^^^^^^^
  175 |       </div>
  176 |
  177 |       {/* Arrow + Social icons row */}

Parsing ecmascript source code failed

Import traces:
  Client Component Browser:
    ./src/components/HeroSection.tsx [Client Component Browser]
    ./src/app/page.tsx [Client Component Browser]
    ./src/app/page.tsx [Server Component]

  Client Component SSR:
    ./src/components/HeroSection.tsx [Client Component SSR]
    ./src/app/page.tsx [Client Component SSR]
    ./src/app/page.tsx [Server Component] @ http://localhost:3000/_next/static/chunks/node_modules_next_dist_1gdrd03._.js:1945
[ 1427447ms] [ERROR] ./src/components/HeroSection.tsx:173:16
Expected '</', got 'jsx text'
  171 |               mariages
  172 |             </a>
> 173 |           </h2>
      |                ^^^^^^^^^^^^^^^^^^^^^^^^^^^^^^^^^^^^^^^^^^^^^^^^^^^^^^^^^^^^^^^^^^^^^^^^^^^^^
> 174 |         </div>
      | ^^^^^^^^
  175 |       </div>
  176 |
  177 |       {/* Arrow + Social icons row */}

Parsing ecmascript source code failed

Import traces:
  Client Component Browser:
    ./src/components/HeroSection.tsx [Client Component Browser]
    ./src/app/page.tsx [Client Component Browser]
    ./src/app/page.tsx [Server Component]

  Client Component SSR:
    ./src/components/HeroSection.tsx [Client Component SSR]
    ./src/app/page.tsx [Client Component SSR]
    ./src/app/page.tsx [Server Component] @ http://localhost:3000/_next/static/chunks/node_modules_next_dist_1gdrd03._.js:1945
[ 1427509ms] [ERROR] ./src/components/HeroSection.tsx:173:16
Expected '</', got 'jsx text'
  171 |               mariages
  172 |             </a>
> 173 |           </h2>
      |                ^^^^^^^^^^^^^^^^^^^^^^^^^^^^^^^^^^^^^^^^^^^^^^^^^^^^^^^^^^^^^^^^^^^^^^^^^^^^^
> 174 |         </div>
      | ^^^^^^^^
  175 |       </div>
  176 |
  177 |       {/* Arrow + Social icons row */}

Parsing ecmascript source code failed

Import traces:
  Client Component Browser:
    ./src/components/HeroSection.tsx [Client Component Browser]
    ./src/app/page.tsx [Client Component Browser]
    ./src/app/page.tsx [Server Component]

  Client Component SSR:
    ./src/components/HeroSection.tsx [Client Component SSR]
    ./src/app/page.tsx [Client Component SSR]
    ./src/app/page.tsx [Server Component] @ http://localhost:3000/_next/static/chunks/node_modules_next_dist_1gdrd03._.js:1945
[ 1427572ms] [ERROR] ./src/components/HeroSection.tsx:173:16
Expected '</', got 'jsx text'
  171 |               mariages
  172 |             </a>
> 173 |           </h2>
      |                ^^^^^^^^^^^^^^^^^^^^^^^^^^^^^^^^^^^^^^^^^^^^^^^^^^^^^^^^^^^^^^^^^^^^^^^^^^^^^
> 174 |         </div>
      | ^^^^^^^^
  175 |       </div>
  176 |
  177 |       {/* Arrow + Social icons row */}

Parsing ecmascript source code failed

Import traces:
  Client Component Browser:
    ./src/components/HeroSection.tsx [Client Component Browser]
    ./src/app/page.tsx [Client Component Browser]
    ./src/app/page.tsx [Server Component]

  Client Component SSR:
    ./src/components/HeroSection.tsx [Client Component SSR]
    ./src/app/page.tsx [Client Component SSR]
    ./src/app/page.tsx [Server Component] @ http://localhost:3000/_next/static/chunks/node_modules_next_dist_1gdrd03._.js:1945
[ 1427635ms] [ERROR] ./src/components/HeroSection.tsx:173:16
Expected '</', got 'jsx text'
  171 |               mariages
  172 |             </a>
> 173 |           </h2>
      |                ^^^^^^^^^^^^^^^^^^^^^^^^^^^^^^^^^^^^^^^^^^^^^^^^^^^^^^^^^^^^^^^^^^^^^^^^^^^^^
> 174 |         </div>
      | ^^^^^^^^
  175 |       </div>
  176 |
  177 |       {/* Arrow + Social icons row */}

Parsing ecmascript source code failed

Import traces:
  Client Component Browser:
    ./src/components/HeroSection.tsx [Client Component Browser]
    ./src/app/page.tsx [Client Component Browser]
    ./src/app/page.tsx [Server Component]

  Client Component SSR:
    ./src/components/HeroSection.tsx [Client Component SSR]
    ./src/app/page.tsx [Client Component SSR]
    ./src/app/page.tsx [Server Component] @ http://localhost:3000/_next/static/chunks/node_modules_next_dist_1gdrd03._.js:1945
[ 1427700ms] [ERROR] ./src/components/HeroSection.tsx:173:16
Expected '</', got 'jsx text'
  171 |               mariages
  172 |             </a>
> 173 |           </h2>
      |                ^^^^^^^^^^^^^^^^^^^^^^^^^^^^^^^^^^^^^^^^^^^^^^^^^^^^^^^^^^^^^^^^^^^^^^^^^^^^^
> 174 |         </div>
      | ^^^^^^^^
  175 |       </div>
  176 |
  177 |       {/* Arrow + Social icons row */}

Parsing ecmascript source code failed

Import traces:
  Client Component Browser:
    ./src/components/HeroSection.tsx [Client Component Browser]
    ./src/app/page.tsx [Client Component Browser]
    ./src/app/page.tsx [Server Component]

  Client Component SSR:
    ./src/components/HeroSection.tsx [Client Component SSR]
    ./src/app/page.tsx [Client Component SSR]
    ./src/app/page.tsx [Server Component] @ http://localhost:3000/_next/static/chunks/node_modules_next_dist_1gdrd03._.js:1945
[ 1427763ms] [ERROR] ./src/components/HeroSection.tsx:173:16
Expected '</', got 'jsx text'
  171 |               mariages
  172 |             </a>
> 173 |           </h2>
      |                ^^^^^^^^^^^^^^^^^^^^^^^^^^^^^^^^^^^^^^^^^^^^^^^^^^^^^^^^^^^^^^^^^^^^^^^^^^^^^
> 174 |         </div>
      | ^^^^^^^^
  175 |       </div>
  176 |
  177 |       {/* Arrow + Social icons row */}

Parsing ecmascript source code failed

Import traces:
  Client Component Browser:
    ./src/components/HeroSection.tsx [Client Component Browser]
    ./src/app/page.tsx [Client Component Browser]
    ./src/app/page.tsx [Server Component]

  Client Component SSR:
    ./src/components/HeroSection.tsx [Client Component SSR]
    ./src/app/page.tsx [Client Component SSR]
    ./src/app/page.tsx [Server Component] @ http://localhost:3000/_next/static/chunks/node_modules_next_dist_1gdrd03._.js:1945
[ 1427827ms] [ERROR] ./src/components/HeroSection.tsx:173:16
Expected '</', got 'jsx text'
  171 |               mariages
  172 |             </a>
> 173 |           </h2>
      |                ^^^^^^^^^^^^^^^^^^^^^^^^^^^^^^^^^^^^^^^^^^^^^^^^^^^^^^^^^^^^^^^^^^^^^^^^^^^^^
> 174 |         </div>
      | ^^^^^^^^
  175 |       </div>
  176 |
  177 |       {/* Arrow + Social icons row */}

Parsing ecmascript source code failed

Import traces:
  Client Component Browser:
    ./src/components/HeroSection.tsx [Client Component Browser]
    ./src/app/page.tsx [Client Component Browser]
    ./src/app/page.tsx [Server Component]

  Client Component SSR:
    ./src/components/HeroSection.tsx [Client Component SSR]
    ./src/app/page.tsx [Client Component SSR]
    ./src/app/page.tsx [Server Component] @ http://localhost:3000/_next/static/chunks/node_modules_next_dist_1gdrd03._.js:1945
[ 1427891ms] [ERROR] ./src/components/HeroSection.tsx:173:16
Expected '</', got 'jsx text'
  171 |               mariages
  172 |             </a>
> 173 |           </h2>
      |                ^^^^^^^^^^^^^^^^^^^^^^^^^^^^^^^^^^^^^^^^^^^^^^^^^^^^^^^^^^^^^^^^^^^^^^^^^^^^^
> 174 |         </div>
      | ^^^^^^^^
  175 |       </div>
  176 |
  177 |       {/* Arrow + Social icons row */}

Parsing ecmascript source code failed

Import traces:
  Client Component Browser:
    ./src/components/HeroSection.tsx [Client Component Browser]
    ./src/app/page.tsx [Client Component Browser]
    ./src/app/page.tsx [Server Component]

  Client Component SSR:
    ./src/components/HeroSection.tsx [Client Component SSR]
    ./src/app/page.tsx [Client Component SSR]
    ./src/app/page.tsx [Server Component] @ http://localhost:3000/_next/static/chunks/node_modules_next_dist_1gdrd03._.js:1945
[ 1427955ms] [ERROR] ./src/components/HeroSection.tsx:173:16
Expected '</', got 'jsx text'
  171 |               mariages
  172 |             </a>
> 173 |           </h2>
      |                ^^^^^^^^^^^^^^^^^^^^^^^^^^^^^^^^^^^^^^^^^^^^^^^^^^^^^^^^^^^^^^^^^^^^^^^^^^^^^
> 174 |         </div>
      | ^^^^^^^^
  175 |       </div>
  176 |
  177 |       {/* Arrow + Social icons row */}

Parsing ecmascript source code failed

Import traces:
  Client Component Browser:
    ./src/components/HeroSection.tsx [Client Component Browser]
    ./src/app/page.tsx [Client Component Browser]
    ./src/app/page.tsx [Server Component]

  Client Component SSR:
    ./src/components/HeroSection.tsx [Client Component SSR]
    ./src/app/page.tsx [Client Component SSR]
    ./src/app/page.tsx [Server Component] @ http://localhost:3000/_next/static/chunks/node_modules_next_dist_1gdrd03._.js:1945
[ 1428017ms] [ERROR] ./src/components/HeroSection.tsx:173:16
Expected '</', got 'jsx text'
  171 |               mariages
  172 |             </a>
> 173 |           </h2>
      |                ^^^^^^^^^^^^^^^^^^^^^^^^^^^^^^^^^^^^^^^^^^^^^^^^^^^^^^^^^^^^^^^^^^^^^^^^^^^^^
> 174 |         </div>
      | ^^^^^^^^
  175 |       </div>
  176 |
  177 |       {/* Arrow + Social icons row */}

Parsing ecmascript source code failed

Import traces:
  Client Component Browser:
    ./src/components/HeroSection.tsx [Client Component Browser]
    ./src/app/page.tsx [Client Component Browser]
    ./src/app/page.tsx [Server Component]

  Client Component SSR:
    ./src/components/HeroSection.tsx [Client Component SSR]
    ./src/app/page.tsx [Client Component SSR]
    ./src/app/page.tsx [Server Component] @ http://localhost:3000/_next/static/chunks/node_modules_next_dist_1gdrd03._.js:1945
[ 1428081ms] [ERROR] ./src/components/HeroSection.tsx:173:16
Expected '</', got 'jsx text'
  171 |               mariages
  172 |             </a>
> 173 |           </h2>
      |                ^^^^^^^^^^^^^^^^^^^^^^^^^^^^^^^^^^^^^^^^^^^^^^^^^^^^^^^^^^^^^^^^^^^^^^^^^^^^^
> 174 |         </div>
      | ^^^^^^^^
  175 |       </div>
  176 |
  177 |       {/* Arrow + Social icons row */}

Parsing ecmascript source code failed

Import traces:
  Client Component Browser:
    ./src/components/HeroSection.tsx [Client Component Browser]
    ./src/app/page.tsx [Client Component Browser]
    ./src/app/page.tsx [Server Component]

  Client Component SSR:
    ./src/components/HeroSection.tsx [Client Component SSR]
    ./src/app/page.tsx [Client Component SSR]
    ./src/app/page.tsx [Server Component] @ http://localhost:3000/_next/static/chunks/node_modules_next_dist_1gdrd03._.js:1945
[ 1428150ms] [ERROR] ./src/components/HeroSection.tsx:173:16
Expected '</', got 'jsx text'
  171 |               mariages
  172 |             </a>
> 173 |           </h2>
      |                ^^^^^^^^^^^^^^^^^^^^^^^^^^^^^^^^^^^^^^^^^^^^^^^^^^^^^^^^^^^^^^^^^^^^^^^^^^^^^
> 174 |         </div>
      | ^^^^^^^^
  175 |       </div>
  176 |
  177 |       {/* Arrow + Social icons row */}

Parsing ecmascript source code failed

Import traces:
  Client Component Browser:
    ./src/components/HeroSection.tsx [Client Component Browser]
    ./src/app/page.tsx [Client Component Browser]
    ./src/app/page.tsx [Server Component]

  Client Component SSR:
    ./src/components/HeroSection.tsx [Client Component SSR]
    ./src/app/page.tsx [Client Component SSR]
    ./src/app/page.tsx [Server Component] @ http://localhost:3000/_next/static/chunks/node_modules_next_dist_1gdrd03._.js:1945
[ 1428213ms] [ERROR] ./src/components/HeroSection.tsx:173:16
Expected '</', got 'jsx text'
  171 |               mariages
  172 |             </a>
> 173 |           </h2>
      |                ^^^^^^^^^^^^^^^^^^^^^^^^^^^^^^^^^^^^^^^^^^^^^^^^^^^^^^^^^^^^^^^^^^^^^^^^^^^^^
> 174 |         </div>
      | ^^^^^^^^
  175 |       </div>
  176 |
  177 |       {/* Arrow + Social icons row */}

Parsing ecmascript source code failed

Import traces:
  Client Component Browser:
    ./src/components/HeroSection.tsx [Client Component Browser]
    ./src/app/page.tsx [Client Component Browser]
    ./src/app/page.tsx [Server Component]

  Client Component SSR:
    ./src/components/HeroSection.tsx [Client Component SSR]
    ./src/app/page.tsx [Client Component SSR]
    ./src/app/page.tsx [Server Component] @ http://localhost:3000/_next/static/chunks/node_modules_next_dist_1gdrd03._.js:1945
[ 1428277ms] [ERROR] ./src/components/HeroSection.tsx:173:16
Expected '</', got 'jsx text'
  171 |               mariages
  172 |             </a>
> 173 |           </h2>
      |                ^^^^^^^^^^^^^^^^^^^^^^^^^^^^^^^^^^^^^^^^^^^^^^^^^^^^^^^^^^^^^^^^^^^^^^^^^^^^^
> 174 |         </div>
      | ^^^^^^^^
  175 |       </div>
  176 |
  177 |       {/* Arrow + Social icons row */}

Parsing ecmascript source code failed

Import traces:
  Client Component Browser:
    ./src/components/HeroSection.tsx [Client Component Browser]
    ./src/app/page.tsx [Client Component Browser]
    ./src/app/page.tsx [Server Component]

  Client Component SSR:
    ./src/components/HeroSection.tsx [Client Component SSR]
    ./src/app/page.tsx [Client Component SSR]
    ./src/app/page.tsx [Server Component] @ http://localhost:3000/_next/static/chunks/node_modules_next_dist_1gdrd03._.js:1945
[ 1428341ms] [ERROR] ./src/components/HeroSection.tsx:173:16
Expected '</', got 'jsx text'
  171 |               mariages
  172 |             </a>
> 173 |           </h2>
      |                ^^^^^^^^^^^^^^^^^^^^^^^^^^^^^^^^^^^^^^^^^^^^^^^^^^^^^^^^^^^^^^^^^^^^^^^^^^^^^
> 174 |         </div>
      | ^^^^^^^^
  175 |       </div>
  176 |
  177 |       {/* Arrow + Social icons row */}

Parsing ecmascript source code failed

Import traces:
  Client Component Browser:
    ./src/components/HeroSection.tsx [Client Component Browser]
    ./src/app/page.tsx [Client Component Browser]
    ./src/app/page.tsx [Server Component]

  Client Component SSR:
    ./src/components/HeroSection.tsx [Client Component SSR]
    ./src/app/page.tsx [Client Component SSR]
    ./src/app/page.tsx [Server Component] @ http://localhost:3000/_next/static/chunks/node_modules_next_dist_1gdrd03._.js:1945
[ 1428404ms] [ERROR] ./src/components/HeroSection.tsx:173:16
Expected '</', got 'jsx text'
  171 |               mariages
  172 |             </a>
> 173 |           </h2>
      |                ^^^^^^^^^^^^^^^^^^^^^^^^^^^^^^^^^^^^^^^^^^^^^^^^^^^^^^^^^^^^^^^^^^^^^^^^^^^^^
> 174 |         </div>
      | ^^^^^^^^
  175 |       </div>
  176 |
  177 |       {/* Arrow + Social icons row */}

Parsing ecmascript source code failed

Import traces:
  Client Component Browser:
    ./src/components/HeroSection.tsx [Client Component Browser]
    ./src/app/page.tsx [Client Component Browser]
    ./src/app/page.tsx [Server Component]

  Client Component SSR:
    ./src/components/HeroSection.tsx [Client Component SSR]
    ./src/app/page.tsx [Client Component SSR]
    ./src/app/page.tsx [Server Component] @ http://localhost:3000/_next/static/chunks/node_modules_next_dist_1gdrd03._.js:1945
[ 1428468ms] [ERROR] ./src/components/HeroSection.tsx:173:16
Expected '</', got 'jsx text'
  171 |               mariages
  172 |             </a>
> 173 |           </h2>
      |                ^^^^^^^^^^^^^^^^^^^^^^^^^^^^^^^^^^^^^^^^^^^^^^^^^^^^^^^^^^^^^^^^^^^^^^^^^^^^^
> 174 |         </div>
      | ^^^^^^^^
  175 |       </div>
  176 |
  177 |       {/* Arrow + Social icons row */}

Parsing ecmascript source code failed

Import traces:
  Client Component Browser:
    ./src/components/HeroSection.tsx [Client Component Browser]
    ./src/app/page.tsx [Client Component Browser]
    ./src/app/page.tsx [Server Component]

  Client Component SSR:
    ./src/components/HeroSection.tsx [Client Component SSR]
    ./src/app/page.tsx [Client Component SSR]
    ./src/app/page.tsx [Server Component] @ http://localhost:3000/_next/static/chunks/node_modules_next_dist_1gdrd03._.js:1945
[ 1428532ms] [ERROR] ./src/components/HeroSection.tsx:173:16
Expected '</', got 'jsx text'
  171 |               mariages
  172 |             </a>
> 173 |           </h2>
      |                ^^^^^^^^^^^^^^^^^^^^^^^^^^^^^^^^^^^^^^^^^^^^^^^^^^^^^^^^^^^^^^^^^^^^^^^^^^^^^
> 174 |         </div>
      | ^^^^^^^^
  175 |       </div>
  176 |
  177 |       {/* Arrow + Social icons row */}

Parsing ecmascript source code failed

Import traces:
  Client Component Browser:
    ./src/components/HeroSection.tsx [Client Component Browser]
    ./src/app/page.tsx [Client Component Browser]
    ./src/app/page.tsx [Server Component]

  Client Component SSR:
    ./src/components/HeroSection.tsx [Client Component SSR]
    ./src/app/page.tsx [Client Component SSR]
    ./src/app/page.tsx [Server Component] @ http://localhost:3000/_next/static/chunks/node_modules_next_dist_1gdrd03._.js:1945
[ 1428595ms] [ERROR] ./src/components/HeroSection.tsx:173:16
Expected '</', got 'jsx text'
  171 |               mariages
  172 |             </a>
> 173 |           </h2>
      |                ^^^^^^^^^^^^^^^^^^^^^^^^^^^^^^^^^^^^^^^^^^^^^^^^^^^^^^^^^^^^^^^^^^^^^^^^^^^^^
> 174 |         </div>
      | ^^^^^^^^
  175 |       </div>
  176 |
  177 |       {/* Arrow + Social icons row */}

Parsing ecmascript source code failed

Import traces:
  Client Component Browser:
    ./src/components/HeroSection.tsx [Client Component Browser]
    ./src/app/page.tsx [Client Component Browser]
    ./src/app/page.tsx [Server Component]

  Client Component SSR:
    ./src/components/HeroSection.tsx [Client Component SSR]
    ./src/app/page.tsx [Client Component SSR]
    ./src/app/page.tsx [Server Component] @ http://localhost:3000/_next/static/chunks/node_modules_next_dist_1gdrd03._.js:1945
[ 1428658ms] [ERROR] ./src/components/HeroSection.tsx:173:16
Expected '</', got 'jsx text'
  171 |               mariages
  172 |             </a>
> 173 |           </h2>
      |                ^^^^^^^^^^^^^^^^^^^^^^^^^^^^^^^^^^^^^^^^^^^^^^^^^^^^^^^^^^^^^^^^^^^^^^^^^^^^^
> 174 |         </div>
      | ^^^^^^^^
  175 |       </div>
  176 |
  177 |       {/* Arrow + Social icons row */}

Parsing ecmascript source code failed

Import traces:
  Client Component Browser:
    ./src/components/HeroSection.tsx [Client Component Browser]
    ./src/app/page.tsx [Client Component Browser]
    ./src/app/page.tsx [Server Component]

  Client Component SSR:
    ./src/components/HeroSection.tsx [Client Component SSR]
    ./src/app/page.tsx [Client Component SSR]
    ./src/app/page.tsx [Server Component] @ http://localhost:3000/_next/static/chunks/node_modules_next_dist_1gdrd03._.js:1945
[ 1428722ms] [ERROR] ./src/components/HeroSection.tsx:173:16
Expected '</', got 'jsx text'
  171 |               mariages
  172 |             </a>
> 173 |           </h2>
      |                ^^^^^^^^^^^^^^^^^^^^^^^^^^^^^^^^^^^^^^^^^^^^^^^^^^^^^^^^^^^^^^^^^^^^^^^^^^^^^
> 174 |         </div>
      | ^^^^^^^^
  175 |       </div>
  176 |
  177 |       {/* Arrow + Social icons row */}

Parsing ecmascript source code failed

Import traces:
  Client Component Browser:
    ./src/components/HeroSection.tsx [Client Component Browser]
    ./src/app/page.tsx [Client Component Browser]
    ./src/app/page.tsx [Server Component]

  Client Component SSR:
    ./src/components/HeroSection.tsx [Client Component SSR]
    ./src/app/page.tsx [Client Component SSR]
    ./src/app/page.tsx [Server Component] @ http://localhost:3000/_next/static/chunks/node_modules_next_dist_1gdrd03._.js:1945
[ 1428785ms] [ERROR] ./src/components/HeroSection.tsx:173:16
Expected '</', got 'jsx text'
  171 |               mariages
  172 |             </a>
> 173 |           </h2>
      |                ^^^^^^^^^^^^^^^^^^^^^^^^^^^^^^^^^^^^^^^^^^^^^^^^^^^^^^^^^^^^^^^^^^^^^^^^^^^^^
> 174 |         </div>
      | ^^^^^^^^
  175 |       </div>
  176 |
  177 |       {/* Arrow + Social icons row */}

Parsing ecmascript source code failed

Import traces:
  Client Component Browser:
    ./src/components/HeroSection.tsx [Client Component Browser]
    ./src/app/page.tsx [Client Component Browser]
    ./src/app/page.tsx [Server Component]

  Client Component SSR:
    ./src/components/HeroSection.tsx [Client Component SSR]
    ./src/app/page.tsx [Client Component SSR]
    ./src/app/page.tsx [Server Component] @ http://localhost:3000/_next/static/chunks/node_modules_next_dist_1gdrd03._.js:1945
[ 1428848ms] [ERROR] ./src/components/HeroSection.tsx:173:16
Expected '</', got 'jsx text'
  171 |               mariages
  172 |             </a>
> 173 |           </h2>
      |                ^^^^^^^^^^^^^^^^^^^^^^^^^^^^^^^^^^^^^^^^^^^^^^^^^^^^^^^^^^^^^^^^^^^^^^^^^^^^^
> 174 |         </div>
      | ^^^^^^^^
  175 |       </div>
  176 |
  177 |       {/* Arrow + Social icons row */}

Parsing ecmascript source code failed

Import traces:
  Client Component Browser:
    ./src/components/HeroSection.tsx [Client Component Browser]
    ./src/app/page.tsx [Client Component Browser]
    ./src/app/page.tsx [Server Component]

  Client Component SSR:
    ./src/components/HeroSection.tsx [Client Component SSR]
    ./src/app/page.tsx [Client Component SSR]
    ./src/app/page.tsx [Server Component] @ http://localhost:3000/_next/static/chunks/node_modules_next_dist_1gdrd03._.js:1945
[ 1428912ms] [ERROR] ./src/components/HeroSection.tsx:173:16
Expected '</', got 'jsx text'
  171 |               mariages
  172 |             </a>
> 173 |           </h2>
      |                ^^^^^^^^^^^^^^^^^^^^^^^^^^^^^^^^^^^^^^^^^^^^^^^^^^^^^^^^^^^^^^^^^^^^^^^^^^^^^
> 174 |         </div>
      | ^^^^^^^^
  175 |       </div>
  176 |
  177 |       {/* Arrow + Social icons row */}

Parsing ecmascript source code failed

Import traces:
  Client Component Browser:
    ./src/components/HeroSection.tsx [Client Component Browser]
    ./src/app/page.tsx [Client Component Browser]
    ./src/app/page.tsx [Server Component]

  Client Component SSR:
    ./src/components/HeroSection.tsx [Client Component SSR]
    ./src/app/page.tsx [Client Component SSR]
    ./src/app/page.tsx [Server Component] @ http://localhost:3000/_next/static/chunks/node_modules_next_dist_1gdrd03._.js:1945
[ 1428970ms] [ERROR] ./src/components/HeroSection.tsx:173:16
Expected '</', got 'jsx text'
  171 |               mariages
  172 |             </a>
> 173 |           </h2>
      |                ^^^^^^^^^^^^^^^^^^^^^^^^^^^^^^^^^^^^^^^^^^^^^^^^^^^^^^^^^^^^^^^^^^^^^^^^^^^^^
> 174 |         </div>
      | ^^^^^^^^
  175 |       </div>
  176 |
  177 |       {/* Arrow + Social icons row */}

Parsing ecmascript source code failed

Import traces:
  Client Component Browser:
    ./src/components/HeroSection.tsx [Client Component Browser]
    ./src/app/page.tsx [Client Component Browser]
    ./src/app/page.tsx [Server Component]

  Client Component SSR:
    ./src/components/HeroSection.tsx [Client Component SSR]
    ./src/app/page.tsx [Client Component SSR]
    ./src/app/page.tsx [Server Component] @ http://localhost:3000/_next/static/chunks/node_modules_next_dist_1gdrd03._.js:1945
[ 1429034ms] [ERROR] ./src/components/HeroSection.tsx:173:16
Expected '</', got 'jsx text'
  171 |               mariages
  172 |             </a>
> 173 |           </h2>
      |                ^^^^^^^^^^^^^^^^^^^^^^^^^^^^^^^^^^^^^^^^^^^^^^^^^^^^^^^^^^^^^^^^^^^^^^^^^^^^^
> 174 |         </div>
      | ^^^^^^^^
  175 |       </div>
  176 |
  177 |       {/* Arrow + Social icons row */}

Parsing ecmascript source code failed

Import traces:
  Client Component Browser:
    ./src/components/HeroSection.tsx [Client Component Browser]
    ./src/app/page.tsx [Client Component Browser]
    ./src/app/page.tsx [Server Component]

  Client Component SSR:
    ./src/components/HeroSection.tsx [Client Component SSR]
    ./src/app/page.tsx [Client Component SSR]
    ./src/app/page.tsx [Server Component] @ http://localhost:3000/_next/static/chunks/node_modules_next_dist_1gdrd03._.js:1945
[ 1429098ms] [ERROR] ./src/components/HeroSection.tsx:173:16
Expected '</', got 'jsx text'
  171 |               mariages
  172 |             </a>
> 173 |           </h2>
      |                ^^^^^^^^^^^^^^^^^^^^^^^^^^^^^^^^^^^^^^^^^^^^^^^^^^^^^^^^^^^^^^^^^^^^^^^^^^^^^
> 174 |         </div>
      | ^^^^^^^^
  175 |       </div>
  176 |
  177 |       {/* Arrow + Social icons row */}

Parsing ecmascript source code failed

Import traces:
  Client Component Browser:
    ./src/components/HeroSection.tsx [Client Component Browser]
    ./src/app/page.tsx [Client Component Browser]
    ./src/app/page.tsx [Server Component]

  Client Component SSR:
    ./src/components/HeroSection.tsx [Client Component SSR]
    ./src/app/page.tsx [Client Component SSR]
    ./src/app/page.tsx [Server Component] @ http://localhost:3000/_next/static/chunks/node_modules_next_dist_1gdrd03._.js:1945
[ 1429161ms] [ERROR] ./src/components/HeroSection.tsx:173:16
Expected '</', got 'jsx text'
  171 |               mariages
  172 |             </a>
> 173 |           </h2>
      |                ^^^^^^^^^^^^^^^^^^^^^^^^^^^^^^^^^^^^^^^^^^^^^^^^^^^^^^^^^^^^^^^^^^^^^^^^^^^^^
> 174 |         </div>
      | ^^^^^^^^
  175 |       </div>
  176 |
  177 |       {/* Arrow + Social icons row */}

Parsing ecmascript source code failed

Import traces:
  Client Component Browser:
    ./src/components/HeroSection.tsx [Client Component Browser]
    ./src/app/page.tsx [Client Component Browser]
    ./src/app/page.tsx [Server Component]

  Client Component SSR:
    ./src/components/HeroSection.tsx [Client Component SSR]
    ./src/app/page.tsx [Client Component SSR]
    ./src/app/page.tsx [Server Component] @ http://localhost:3000/_next/static/chunks/node_modules_next_dist_1gdrd03._.js:1945
[ 1429225ms] [ERROR] ./src/components/HeroSection.tsx:173:16
Expected '</', got 'jsx text'
  171 |               mariages
  172 |             </a>
> 173 |           </h2>
      |                ^^^^^^^^^^^^^^^^^^^^^^^^^^^^^^^^^^^^^^^^^^^^^^^^^^^^^^^^^^^^^^^^^^^^^^^^^^^^^
> 174 |         </div>
      | ^^^^^^^^
  175 |       </div>
  176 |
  177 |       {/* Arrow + Social icons row */}

Parsing ecmascript source code failed

Import traces:
  Client Component Browser:
    ./src/components/HeroSection.tsx [Client Component Browser]
    ./src/app/page.tsx [Client Component Browser]
    ./src/app/page.tsx [Server Component]

  Client Component SSR:
    ./src/components/HeroSection.tsx [Client Component SSR]
    ./src/app/page.tsx [Client Component SSR]
    ./src/app/page.tsx [Server Component] @ http://localhost:3000/_next/static/chunks/node_modules_next_dist_1gdrd03._.js:1945
[ 1429289ms] [ERROR] ./src/components/HeroSection.tsx:173:16
Expected '</', got 'jsx text'
  171 |               mariages
  172 |             </a>
> 173 |           </h2>
      |                ^^^^^^^^^^^^^^^^^^^^^^^^^^^^^^^^^^^^^^^^^^^^^^^^^^^^^^^^^^^^^^^^^^^^^^^^^^^^^
> 174 |         </div>
      | ^^^^^^^^
  175 |       </div>
  176 |
  177 |       {/* Arrow + Social icons row */}

Parsing ecmascript source code failed

Import traces:
  Client Component Browser:
    ./src/components/HeroSection.tsx [Client Component Browser]
    ./src/app/page.tsx [Client Component Browser]
    ./src/app/page.tsx [Server Component]

  Client Component SSR:
    ./src/components/HeroSection.tsx [Client Component SSR]
    ./src/app/page.tsx [Client Component SSR]
    ./src/app/page.tsx [Server Component] @ http://localhost:3000/_next/static/chunks/node_modules_next_dist_1gdrd03._.js:1945
[ 1429348ms] [ERROR] ./src/components/HeroSection.tsx:173:16
Expected '</', got 'jsx text'
  171 |               mariages
  172 |             </a>
> 173 |           </h2>
      |                ^^^^^^^^^^^^^^^^^^^^^^^^^^^^^^^^^^^^^^^^^^^^^^^^^^^^^^^^^^^^^^^^^^^^^^^^^^^^^
> 174 |         </div>
      | ^^^^^^^^
  175 |       </div>
  176 |
  177 |       {/* Arrow + Social icons row */}

Parsing ecmascript source code failed

Import traces:
  Client Component Browser:
    ./src/components/HeroSection.tsx [Client Component Browser]
    ./src/app/page.tsx [Client Component Browser]
    ./src/app/page.tsx [Server Component]

  Client Component SSR:
    ./src/components/HeroSection.tsx [Client Component SSR]
    ./src/app/page.tsx [Client Component SSR]
    ./src/app/page.tsx [Server Component] @ http://localhost:3000/_next/static/chunks/node_modules_next_dist_1gdrd03._.js:1945
[ 1429411ms] [ERROR] ./src/components/HeroSection.tsx:173:16
Expected '</', got 'jsx text'
  171 |               mariages
  172 |             </a>
> 173 |           </h2>
      |                ^^^^^^^^^^^^^^^^^^^^^^^^^^^^^^^^^^^^^^^^^^^^^^^^^^^^^^^^^^^^^^^^^^^^^^^^^^^^^
> 174 |         </div>
      | ^^^^^^^^
  175 |       </div>
  176 |
  177 |       {/* Arrow + Social icons row */}

Parsing ecmascript source code failed

Import traces:
  Client Component Browser:
    ./src/components/HeroSection.tsx [Client Component Browser]
    ./src/app/page.tsx [Client Component Browser]
    ./src/app/page.tsx [Server Component]

  Client Component SSR:
    ./src/components/HeroSection.tsx [Client Component SSR]
    ./src/app/page.tsx [Client Component SSR]
    ./src/app/page.tsx [Server Component] @ http://localhost:3000/_next/static/chunks/node_modules_next_dist_1gdrd03._.js:1945
[ 1429475ms] [ERROR] ./src/components/HeroSection.tsx:173:16
Expected '</', got 'jsx text'
  171 |               mariages
  172 |             </a>
> 173 |           </h2>
      |                ^^^^^^^^^^^^^^^^^^^^^^^^^^^^^^^^^^^^^^^^^^^^^^^^^^^^^^^^^^^^^^^^^^^^^^^^^^^^^
> 174 |         </div>
      | ^^^^^^^^
  175 |       </div>
  176 |
  177 |       {/* Arrow + Social icons row */}

Parsing ecmascript source code failed

Import traces:
  Client Component Browser:
    ./src/components/HeroSection.tsx [Client Component Browser]
    ./src/app/page.tsx [Client Component Browser]
    ./src/app/page.tsx [Server Component]

  Client Component SSR:
    ./src/components/HeroSection.tsx [Client Component SSR]
    ./src/app/page.tsx [Client Component SSR]
    ./src/app/page.tsx [Server Component] @ http://localhost:3000/_next/static/chunks/node_modules_next_dist_1gdrd03._.js:1945
[ 1429540ms] [ERROR] ./src/components/HeroSection.tsx:173:16
Expected '</', got 'jsx text'
  171 |               mariages
  172 |             </a>
> 173 |           </h2>
      |                ^^^^^^^^^^^^^^^^^^^^^^^^^^^^^^^^^^^^^^^^^^^^^^^^^^^^^^^^^^^^^^^^^^^^^^^^^^^^^
> 174 |         </div>
      | ^^^^^^^^
  175 |       </div>
  176 |
  177 |       {/* Arrow + Social icons row */}

Parsing ecmascript source code failed

Import traces:
  Client Component Browser:
    ./src/components/HeroSection.tsx [Client Component Browser]
    ./src/app/page.tsx [Client Component Browser]
    ./src/app/page.tsx [Server Component]

  Client Component SSR:
    ./src/components/HeroSection.tsx [Client Component SSR]
    ./src/app/page.tsx [Client Component SSR]
    ./src/app/page.tsx [Server Component] @ http://localhost:3000/_next/static/chunks/node_modules_next_dist_1gdrd03._.js:1945
[ 1429603ms] [ERROR] ./src/components/HeroSection.tsx:173:16
Expected '</', got 'jsx text'
  171 |               mariages
  172 |             </a>
> 173 |           </h2>
      |                ^^^^^^^^^^^^^^^^^^^^^^^^^^^^^^^^^^^^^^^^^^^^^^^^^^^^^^^^^^^^^^^^^^^^^^^^^^^^^
> 174 |         </div>
      | ^^^^^^^^
  175 |       </div>
  176 |
  177 |       {/* Arrow + Social icons row */}

Parsing ecmascript source code failed

Import traces:
  Client Component Browser:
    ./src/components/HeroSection.tsx [Client Component Browser]
    ./src/app/page.tsx [Client Component Browser]
    ./src/app/page.tsx [Server Component]

  Client Component SSR:
    ./src/components/HeroSection.tsx [Client Component SSR]
    ./src/app/page.tsx [Client Component SSR]
    ./src/app/page.tsx [Server Component] @ http://localhost:3000/_next/static/chunks/node_modules_next_dist_1gdrd03._.js:1945
[ 1429667ms] [ERROR] ./src/components/HeroSection.tsx:173:16
Expected '</', got 'jsx text'
  171 |               mariages
  172 |             </a>
> 173 |           </h2>
      |                ^^^^^^^^^^^^^^^^^^^^^^^^^^^^^^^^^^^^^^^^^^^^^^^^^^^^^^^^^^^^^^^^^^^^^^^^^^^^^
> 174 |         </div>
      | ^^^^^^^^
  175 |       </div>
  176 |
  177 |       {/* Arrow + Social icons row */}

Parsing ecmascript source code failed

Import traces:
  Client Component Browser:
    ./src/components/HeroSection.tsx [Client Component Browser]
    ./src/app/page.tsx [Client Component Browser]
    ./src/app/page.tsx [Server Component]

  Client Component SSR:
    ./src/components/HeroSection.tsx [Client Component SSR]
    ./src/app/page.tsx [Client Component SSR]
    ./src/app/page.tsx [Server Component] @ http://localhost:3000/_next/static/chunks/node_modules_next_dist_1gdrd03._.js:1945
[ 1429731ms] [ERROR] ./src/components/HeroSection.tsx:173:16
Expected '</', got 'jsx text'
  171 |               mariages
  172 |             </a>
> 173 |           </h2>
      |                ^^^^^^^^^^^^^^^^^^^^^^^^^^^^^^^^^^^^^^^^^^^^^^^^^^^^^^^^^^^^^^^^^^^^^^^^^^^^^
> 174 |         </div>
      | ^^^^^^^^
  175 |       </div>
  176 |
  177 |       {/* Arrow + Social icons row */}

Parsing ecmascript source code failed

Import traces:
  Client Component Browser:
    ./src/components/HeroSection.tsx [Client Component Browser]
    ./src/app/page.tsx [Client Component Browser]
    ./src/app/page.tsx [Server Component]

  Client Component SSR:
    ./src/components/HeroSection.tsx [Client Component SSR]
    ./src/app/page.tsx [Client Component SSR]
    ./src/app/page.tsx [Server Component] @ http://localhost:3000/_next/static/chunks/node_modules_next_dist_1gdrd03._.js:1945
[ 1429793ms] [ERROR] ./src/components/HeroSection.tsx:173:16
Expected '</', got 'jsx text'
  171 |               mariages
  172 |             </a>
> 173 |           </h2>
      |                ^^^^^^^^^^^^^^^^^^^^^^^^^^^^^^^^^^^^^^^^^^^^^^^^^^^^^^^^^^^^^^^^^^^^^^^^^^^^^
> 174 |         </div>
      | ^^^^^^^^
  175 |       </div>
  176 |
  177 |       {/* Arrow + Social icons row */}

Parsing ecmascript source code failed

Import traces:
  Client Component Browser:
    ./src/components/HeroSection.tsx [Client Component Browser]
    ./src/app/page.tsx [Client Component Browser]
    ./src/app/page.tsx [Server Component]

  Client Component SSR:
    ./src/components/HeroSection.tsx [Client Component SSR]
    ./src/app/page.tsx [Client Component SSR]
    ./src/app/page.tsx [Server Component] @ http://localhost:3000/_next/static/chunks/node_modules_next_dist_1gdrd03._.js:1945
[ 1429857ms] [ERROR] ./src/components/HeroSection.tsx:173:16
Expected '</', got 'jsx text'
  171 |               mariages
  172 |             </a>
> 173 |           </h2>
      |                ^^^^^^^^^^^^^^^^^^^^^^^^^^^^^^^^^^^^^^^^^^^^^^^^^^^^^^^^^^^^^^^^^^^^^^^^^^^^^
> 174 |         </div>
      | ^^^^^^^^
  175 |       </div>
  176 |
  177 |       {/* Arrow + Social icons row */}

Parsing ecmascript source code failed

Import traces:
  Client Component Browser:
    ./src/components/HeroSection.tsx [Client Component Browser]
    ./src/app/page.tsx [Client Component Browser]
    ./src/app/page.tsx [Server Component]

  Client Component SSR:
    ./src/components/HeroSection.tsx [Client Component SSR]
    ./src/app/page.tsx [Client Component SSR]
    ./src/app/page.tsx [Server Component] @ http://localhost:3000/_next/static/chunks/node_modules_next_dist_1gdrd03._.js:1945
[ 1429920ms] [ERROR] ./src/components/HeroSection.tsx:173:16
Expected '</', got 'jsx text'
  171 |               mariages
  172 |             </a>
> 173 |           </h2>
      |                ^^^^^^^^^^^^^^^^^^^^^^^^^^^^^^^^^^^^^^^^^^^^^^^^^^^^^^^^^^^^^^^^^^^^^^^^^^^^^
> 174 |         </div>
      | ^^^^^^^^
  175 |       </div>
  176 |
  177 |       {/* Arrow + Social icons row */}

Parsing ecmascript source code failed

Import traces:
  Client Component Browser:
    ./src/components/HeroSection.tsx [Client Component Browser]
    ./src/app/page.tsx [Client Component Browser]
    ./src/app/page.tsx [Server Component]

  Client Component SSR:
    ./src/components/HeroSection.tsx [Client Component SSR]
    ./src/app/page.tsx [Client Component SSR]
    ./src/app/page.tsx [Server Component] @ http://localhost:3000/_next/static/chunks/node_modules_next_dist_1gdrd03._.js:1945
[ 1429983ms] [ERROR] ./src/components/HeroSection.tsx:173:16
Expected '</', got 'jsx text'
  171 |               mariages
  172 |             </a>
> 173 |           </h2>
      |                ^^^^^^^^^^^^^^^^^^^^^^^^^^^^^^^^^^^^^^^^^^^^^^^^^^^^^^^^^^^^^^^^^^^^^^^^^^^^^
> 174 |         </div>
      | ^^^^^^^^
  175 |       </div>
  176 |
  177 |       {/* Arrow + Social icons row */}

Parsing ecmascript source code failed

Import traces:
  Client Component Browser:
    ./src/components/HeroSection.tsx [Client Component Browser]
    ./src/app/page.tsx [Client Component Browser]
    ./src/app/page.tsx [Server Component]

  Client Component SSR:
    ./src/components/HeroSection.tsx [Client Component SSR]
    ./src/app/page.tsx [Client Component SSR]
    ./src/app/page.tsx [Server Component] @ http://localhost:3000/_next/static/chunks/node_modules_next_dist_1gdrd03._.js:1945
[ 1430048ms] [ERROR] ./src/components/HeroSection.tsx:173:16
Expected '</', got 'jsx text'
  171 |               mariages
  172 |             </a>
> 173 |           </h2>
      |                ^^^^^^^^^^^^^^^^^^^^^^^^^^^^^^^^^^^^^^^^^^^^^^^^^^^^^^^^^^^^^^^^^^^^^^^^^^^^^
> 174 |         </div>
      | ^^^^^^^^
  175 |       </div>
  176 |
  177 |       {/* Arrow + Social icons row */}

Parsing ecmascript source code failed

Import traces:
  Client Component Browser:
    ./src/components/HeroSection.tsx [Client Component Browser]
    ./src/app/page.tsx [Client Component Browser]
    ./src/app/page.tsx [Server Component]

  Client Component SSR:
    ./src/components/HeroSection.tsx [Client Component SSR]
    ./src/app/page.tsx [Client Component SSR]
    ./src/app/page.tsx [Server Component] @ http://localhost:3000/_next/static/chunks/node_modules_next_dist_1gdrd03._.js:1945
[ 1430112ms] [ERROR] ./src/components/HeroSection.tsx:173:16
Expected '</', got 'jsx text'
  171 |               mariages
  172 |             </a>
> 173 |           </h2>
      |                ^^^^^^^^^^^^^^^^^^^^^^^^^^^^^^^^^^^^^^^^^^^^^^^^^^^^^^^^^^^^^^^^^^^^^^^^^^^^^
> 174 |         </div>
      | ^^^^^^^^
  175 |       </div>
  176 |
  177 |       {/* Arrow + Social icons row */}

Parsing ecmascript source code failed

Import traces:
  Client Component Browser:
    ./src/components/HeroSection.tsx [Client Component Browser]
    ./src/app/page.tsx [Client Component Browser]
    ./src/app/page.tsx [Server Component]

  Client Component SSR:
    ./src/components/HeroSection.tsx [Client Component SSR]
    ./src/app/page.tsx [Client Component SSR]
    ./src/app/page.tsx [Server Component] @ http://localhost:3000/_next/static/chunks/node_modules_next_dist_1gdrd03._.js:1945
[ 1430174ms] [ERROR] ./src/components/HeroSection.tsx:173:16
Expected '</', got 'jsx text'
  171 |               mariages
  172 |             </a>
> 173 |           </h2>
      |                ^^^^^^^^^^^^^^^^^^^^^^^^^^^^^^^^^^^^^^^^^^^^^^^^^^^^^^^^^^^^^^^^^^^^^^^^^^^^^
> 174 |         </div>
      | ^^^^^^^^
  175 |       </div>
  176 |
  177 |       {/* Arrow + Social icons row */}

Parsing ecmascript source code failed

Import traces:
  Client Component Browser:
    ./src/components/HeroSection.tsx [Client Component Browser]
    ./src/app/page.tsx [Client Component Browser]
    ./src/app/page.tsx [Server Component]

  Client Component SSR:
    ./src/components/HeroSection.tsx [Client Component SSR]
    ./src/app/page.tsx [Client Component SSR]
    ./src/app/page.tsx [Server Component] @ http://localhost:3000/_next/static/chunks/node_modules_next_dist_1gdrd03._.js:1945
[ 1430237ms] [ERROR] ./src/components/HeroSection.tsx:173:16
Expected '</', got 'jsx text'
  171 |               mariages
  172 |             </a>
> 173 |           </h2>
      |                ^^^^^^^^^^^^^^^^^^^^^^^^^^^^^^^^^^^^^^^^^^^^^^^^^^^^^^^^^^^^^^^^^^^^^^^^^^^^^
> 174 |         </div>
      | ^^^^^^^^
  175 |       </div>
  176 |
  177 |       {/* Arrow + Social icons row */}

Parsing ecmascript source code failed

Import traces:
  Client Component Browser:
    ./src/components/HeroSection.tsx [Client Component Browser]
    ./src/app/page.tsx [Client Component Browser]
    ./src/app/page.tsx [Server Component]

  Client Component SSR:
    ./src/components/HeroSection.tsx [Client Component SSR]
    ./src/app/page.tsx [Client Component SSR]
    ./src/app/page.tsx [Server Component] @ http://localhost:3000/_next/static/chunks/node_modules_next_dist_1gdrd03._.js:1945
[ 1430301ms] [ERROR] ./src/components/HeroSection.tsx:173:16
Expected '</', got 'jsx text'
  171 |               mariages
  172 |             </a>
> 173 |           </h2>
      |                ^^^^^^^^^^^^^^^^^^^^^^^^^^^^^^^^^^^^^^^^^^^^^^^^^^^^^^^^^^^^^^^^^^^^^^^^^^^^^
> 174 |         </div>
      | ^^^^^^^^
  175 |       </div>
  176 |
  177 |       {/* Arrow + Social icons row */}

Parsing ecmascript source code failed

Import traces:
  Client Component Browser:
    ./src/components/HeroSection.tsx [Client Component Browser]
    ./src/app/page.tsx [Client Component Browser]
    ./src/app/page.tsx [Server Component]

  Client Component SSR:
    ./src/components/HeroSection.tsx [Client Component SSR]
    ./src/app/page.tsx [Client Component SSR]
    ./src/app/page.tsx [Server Component] @ http://localhost:3000/_next/static/chunks/node_modules_next_dist_1gdrd03._.js:1945
[ 1430363ms] [ERROR] ./src/components/HeroSection.tsx:173:16
Expected '</', got 'jsx text'
  171 |               mariages
  172 |             </a>
> 173 |           </h2>
      |                ^^^^^^^^^^^^^^^^^^^^^^^^^^^^^^^^^^^^^^^^^^^^^^^^^^^^^^^^^^^^^^^^^^^^^^^^^^^^^
> 174 |         </div>
      | ^^^^^^^^
  175 |       </div>
  176 |
  177 |       {/* Arrow + Social icons row */}

Parsing ecmascript source code failed

Import traces:
  Client Component Browser:
    ./src/components/HeroSection.tsx [Client Component Browser]
    ./src/app/page.tsx [Client Component Browser]
    ./src/app/page.tsx [Server Component]

  Client Component SSR:
    ./src/components/HeroSection.tsx [Client Component SSR]
    ./src/app/page.tsx [Client Component SSR]
    ./src/app/page.tsx [Server Component] @ http://localhost:3000/_next/static/chunks/node_modules_next_dist_1gdrd03._.js:1945
[ 1430428ms] [ERROR] ./src/components/HeroSection.tsx:173:16
Expected '</', got 'jsx text'
  171 |               mariages
  172 |             </a>
> 173 |           </h2>
      |                ^^^^^^^^^^^^^^^^^^^^^^^^^^^^^^^^^^^^^^^^^^^^^^^^^^^^^^^^^^^^^^^^^^^^^^^^^^^^^
> 174 |         </div>
      | ^^^^^^^^
  175 |       </div>
  176 |
  177 |       {/* Arrow + Social icons row */}

Parsing ecmascript source code failed

Import traces:
  Client Component Browser:
    ./src/components/HeroSection.tsx [Client Component Browser]
    ./src/app/page.tsx [Client Component Browser]
    ./src/app/page.tsx [Server Component]

  Client Component SSR:
    ./src/components/HeroSection.tsx [Client Component SSR]
    ./src/app/page.tsx [Client Component SSR]
    ./src/app/page.tsx [Server Component] @ http://localhost:3000/_next/static/chunks/node_modules_next_dist_1gdrd03._.js:1945
[ 1430491ms] [ERROR] ./src/components/HeroSection.tsx:173:16
Expected '</', got 'jsx text'
  171 |               mariages
  172 |             </a>
> 173 |           </h2>
      |                ^^^^^^^^^^^^^^^^^^^^^^^^^^^^^^^^^^^^^^^^^^^^^^^^^^^^^^^^^^^^^^^^^^^^^^^^^^^^^
> 174 |         </div>
      | ^^^^^^^^
  175 |       </div>
  176 |
  177 |       {/* Arrow + Social icons row */}

Parsing ecmascript source code failed

Import traces:
  Client Component Browser:
    ./src/components/HeroSection.tsx [Client Component Browser]
    ./src/app/page.tsx [Client Component Browser]
    ./src/app/page.tsx [Server Component]

  Client Component SSR:
    ./src/components/HeroSection.tsx [Client Component SSR]
    ./src/app/page.tsx [Client Component SSR]
    ./src/app/page.tsx [Server Component] @ http://localhost:3000/_next/static/chunks/node_modules_next_dist_1gdrd03._.js:1945
[ 1430557ms] [ERROR] ./src/components/HeroSection.tsx:173:16
Expected '</', got 'jsx text'
  171 |               mariages
  172 |             </a>
> 173 |           </h2>
      |                ^^^^^^^^^^^^^^^^^^^^^^^^^^^^^^^^^^^^^^^^^^^^^^^^^^^^^^^^^^^^^^^^^^^^^^^^^^^^^
> 174 |         </div>
      | ^^^^^^^^
  175 |       </div>
  176 |
  177 |       {/* Arrow + Social icons row */}

Parsing ecmascript source code failed

Import traces:
  Client Component Browser:
    ./src/components/HeroSection.tsx [Client Component Browser]
    ./src/app/page.tsx [Client Component Browser]
    ./src/app/page.tsx [Server Component]

  Client Component SSR:
    ./src/components/HeroSection.tsx [Client Component SSR]
    ./src/app/page.tsx [Client Component SSR]
    ./src/app/page.tsx [Server Component] @ http://localhost:3000/_next/static/chunks/node_modules_next_dist_1gdrd03._.js:1945
[ 1430620ms] [ERROR] ./src/components/HeroSection.tsx:173:16
Expected '</', got 'jsx text'
  171 |               mariages
  172 |             </a>
> 173 |           </h2>
      |                ^^^^^^^^^^^^^^^^^^^^^^^^^^^^^^^^^^^^^^^^^^^^^^^^^^^^^^^^^^^^^^^^^^^^^^^^^^^^^
> 174 |         </div>
      | ^^^^^^^^
  175 |       </div>
  176 |
  177 |       {/* Arrow + Social icons row */}

Parsing ecmascript source code failed

Import traces:
  Client Component Browser:
    ./src/components/HeroSection.tsx [Client Component Browser]
    ./src/app/page.tsx [Client Component Browser]
    ./src/app/page.tsx [Server Component]

  Client Component SSR:
    ./src/components/HeroSection.tsx [Client Component SSR]
    ./src/app/page.tsx [Client Component SSR]
    ./src/app/page.tsx [Server Component] @ http://localhost:3000/_next/static/chunks/node_modules_next_dist_1gdrd03._.js:1945
[ 1430678ms] [ERROR] ./src/components/HeroSection.tsx:173:16
Expected '</', got 'jsx text'
  171 |               mariages
  172 |             </a>
> 173 |           </h2>
      |                ^^^^^^^^^^^^^^^^^^^^^^^^^^^^^^^^^^^^^^^^^^^^^^^^^^^^^^^^^^^^^^^^^^^^^^^^^^^^^
> 174 |         </div>
      | ^^^^^^^^
  175 |       </div>
  176 |
  177 |       {/* Arrow + Social icons row */}

Parsing ecmascript source code failed

Import traces:
  Client Component Browser:
    ./src/components/HeroSection.tsx [Client Component Browser]
    ./src/app/page.tsx [Client Component Browser]
    ./src/app/page.tsx [Server Component]

  Client Component SSR:
    ./src/components/HeroSection.tsx [Client Component SSR]
    ./src/app/page.tsx [Client Component SSR]
    ./src/app/page.tsx [Server Component] @ http://localhost:3000/_next/static/chunks/node_modules_next_dist_1gdrd03._.js:1945
[ 1430742ms] [ERROR] ./src/components/HeroSection.tsx:173:16
Expected '</', got 'jsx text'
  171 |               mariages
  172 |             </a>
> 173 |           </h2>
      |                ^^^^^^^^^^^^^^^^^^^^^^^^^^^^^^^^^^^^^^^^^^^^^^^^^^^^^^^^^^^^^^^^^^^^^^^^^^^^^
> 174 |         </div>
      | ^^^^^^^^
  175 |       </div>
  176 |
  177 |       {/* Arrow + Social icons row */}

Parsing ecmascript source code failed

Import traces:
  Client Component Browser:
    ./src/components/HeroSection.tsx [Client Component Browser]
    ./src/app/page.tsx [Client Component Browser]
    ./src/app/page.tsx [Server Component]

  Client Component SSR:
    ./src/components/HeroSection.tsx [Client Component SSR]
    ./src/app/page.tsx [Client Component SSR]
    ./src/app/page.tsx [Server Component] @ http://localhost:3000/_next/static/chunks/node_modules_next_dist_1gdrd03._.js:1945
[ 1430805ms] [ERROR] ./src/components/HeroSection.tsx:173:16
Expected '</', got 'jsx text'
  171 |               mariages
  172 |             </a>
> 173 |           </h2>
      |                ^^^^^^^^^^^^^^^^^^^^^^^^^^^^^^^^^^^^^^^^^^^^^^^^^^^^^^^^^^^^^^^^^^^^^^^^^^^^^
> 174 |         </div>
      | ^^^^^^^^
  175 |       </div>
  176 |
  177 |       {/* Arrow + Social icons row */}

Parsing ecmascript source code failed

Import traces:
  Client Component Browser:
    ./src/components/HeroSection.tsx [Client Component Browser]
    ./src/app/page.tsx [Client Component Browser]
    ./src/app/page.tsx [Server Component]

  Client Component SSR:
    ./src/components/HeroSection.tsx [Client Component SSR]
    ./src/app/page.tsx [Client Component SSR]
    ./src/app/page.tsx [Server Component] @ http://localhost:3000/_next/static/chunks/node_modules_next_dist_1gdrd03._.js:1945
[ 1430869ms] [ERROR] ./src/components/HeroSection.tsx:173:16
Expected '</', got 'jsx text'
  171 |               mariages
  172 |             </a>
> 173 |           </h2>
      |                ^^^^^^^^^^^^^^^^^^^^^^^^^^^^^^^^^^^^^^^^^^^^^^^^^^^^^^^^^^^^^^^^^^^^^^^^^^^^^
> 174 |         </div>
      | ^^^^^^^^
  175 |       </div>
  176 |
  177 |       {/* Arrow + Social icons row */}

Parsing ecmascript source code failed

Import traces:
  Client Component Browser:
    ./src/components/HeroSection.tsx [Client Component Browser]
    ./src/app/page.tsx [Client Component Browser]
    ./src/app/page.tsx [Server Component]

  Client Component SSR:
    ./src/components/HeroSection.tsx [Client Component SSR]
    ./src/app/page.tsx [Client Component SSR]
    ./src/app/page.tsx [Server Component] @ http://localhost:3000/_next/static/chunks/node_modules_next_dist_1gdrd03._.js:1945
[ 1430929ms] [ERROR] ./src/components/HeroSection.tsx:173:16
Expected '</', got 'jsx text'
  171 |               mariages
  172 |             </a>
> 173 |           </h2>
      |                ^^^^^^^^^^^^^^^^^^^^^^^^^^^^^^^^^^^^^^^^^^^^^^^^^^^^^^^^^^^^^^^^^^^^^^^^^^^^^
> 174 |         </div>
      | ^^^^^^^^
  175 |       </div>
  176 |
  177 |       {/* Arrow + Social icons row */}

Parsing ecmascript source code failed

Import traces:
  Client Component Browser:
    ./src/components/HeroSection.tsx [Client Component Browser]
    ./src/app/page.tsx [Client Component Browser]
    ./src/app/page.tsx [Server Component]

  Client Component SSR:
    ./src/components/HeroSection.tsx [Client Component SSR]
    ./src/app/page.tsx [Client Component SSR]
    ./src/app/page.tsx [Server Component] @ http://localhost:3000/_next/static/chunks/node_modules_next_dist_1gdrd03._.js:1945
[ 1430991ms] [ERROR] ./src/components/HeroSection.tsx:173:16
Expected '</', got 'jsx text'
  171 |               mariages
  172 |             </a>
> 173 |           </h2>
      |                ^^^^^^^^^^^^^^^^^^^^^^^^^^^^^^^^^^^^^^^^^^^^^^^^^^^^^^^^^^^^^^^^^^^^^^^^^^^^^
> 174 |         </div>
      | ^^^^^^^^
  175 |       </div>
  176 |
  177 |       {/* Arrow + Social icons row */}

Parsing ecmascript source code failed

Import traces:
  Client Component Browser:
    ./src/components/HeroSection.tsx [Client Component Browser]
    ./src/app/page.tsx [Client Component Browser]
    ./src/app/page.tsx [Server Component]

  Client Component SSR:
    ./src/components/HeroSection.tsx [Client Component SSR]
    ./src/app/page.tsx [Client Component SSR]
    ./src/app/page.tsx [Server Component] @ http://localhost:3000/_next/static/chunks/node_modules_next_dist_1gdrd03._.js:1945
[ 1431053ms] [ERROR] ./src/components/HeroSection.tsx:173:16
Expected '</', got 'jsx text'
  171 |               mariages
  172 |             </a>
> 173 |           </h2>
      |                ^^^^^^^^^^^^^^^^^^^^^^^^^^^^^^^^^^^^^^^^^^^^^^^^^^^^^^^^^^^^^^^^^^^^^^^^^^^^^
> 174 |         </div>
      | ^^^^^^^^
  175 |       </div>
  176 |
  177 |       {/* Arrow + Social icons row */}

Parsing ecmascript source code failed

Import traces:
  Client Component Browser:
    ./src/components/HeroSection.tsx [Client Component Browser]
    ./src/app/page.tsx [Client Component Browser]
    ./src/app/page.tsx [Server Component]

  Client Component SSR:
    ./src/components/HeroSection.tsx [Client Component SSR]
    ./src/app/page.tsx [Client Component SSR]
    ./src/app/page.tsx [Server Component] @ http://localhost:3000/_next/static/chunks/node_modules_next_dist_1gdrd03._.js:1945
[ 1431116ms] [ERROR] ./src/components/HeroSection.tsx:173:16
Expected '</', got 'jsx text'
  171 |               mariages
  172 |             </a>
> 173 |           </h2>
      |                ^^^^^^^^^^^^^^^^^^^^^^^^^^^^^^^^^^^^^^^^^^^^^^^^^^^^^^^^^^^^^^^^^^^^^^^^^^^^^
> 174 |         </div>
      | ^^^^^^^^
  175 |       </div>
  176 |
  177 |       {/* Arrow + Social icons row */}

Parsing ecmascript source code failed

Import traces:
  Client Component Browser:
    ./src/components/HeroSection.tsx [Client Component Browser]
    ./src/app/page.tsx [Client Component Browser]
    ./src/app/page.tsx [Server Component]

  Client Component SSR:
    ./src/components/HeroSection.tsx [Client Component SSR]
    ./src/app/page.tsx [Client Component SSR]
    ./src/app/page.tsx [Server Component] @ http://localhost:3000/_next/static/chunks/node_modules_next_dist_1gdrd03._.js:1945
[ 1431178ms] [ERROR] ./src/components/HeroSection.tsx:173:16
Expected '</', got 'jsx text'
  171 |               mariages
  172 |             </a>
> 173 |           </h2>
      |                ^^^^^^^^^^^^^^^^^^^^^^^^^^^^^^^^^^^^^^^^^^^^^^^^^^^^^^^^^^^^^^^^^^^^^^^^^^^^^
> 174 |         </div>
      | ^^^^^^^^
  175 |       </div>
  176 |
  177 |       {/* Arrow + Social icons row */}

Parsing ecmascript source code failed

Import traces:
  Client Component Browser:
    ./src/components/HeroSection.tsx [Client Component Browser]
    ./src/app/page.tsx [Client Component Browser]
    ./src/app/page.tsx [Server Component]

  Client Component SSR:
    ./src/components/HeroSection.tsx [Client Component SSR]
    ./src/app/page.tsx [Client Component SSR]
    ./src/app/page.tsx [Server Component] @ http://localhost:3000/_next/static/chunks/node_modules_next_dist_1gdrd03._.js:1945
[ 1431240ms] [ERROR] ./src/components/HeroSection.tsx:173:16
Expected '</', got 'jsx text'
  171 |               mariages
  172 |             </a>
> 173 |           </h2>
      |                ^^^^^^^^^^^^^^^^^^^^^^^^^^^^^^^^^^^^^^^^^^^^^^^^^^^^^^^^^^^^^^^^^^^^^^^^^^^^^
> 174 |         </div>
      | ^^^^^^^^
  175 |       </div>
  176 |
  177 |       {/* Arrow + Social icons row */}

Parsing ecmascript source code failed

Import traces:
  Client Component Browser:
    ./src/components/HeroSection.tsx [Client Component Browser]
    ./src/app/page.tsx [Client Component Browser]
    ./src/app/page.tsx [Server Component]

  Client Component SSR:
    ./src/components/HeroSection.tsx [Client Component SSR]
    ./src/app/page.tsx [Client Component SSR]
    ./src/app/page.tsx [Server Component] @ http://localhost:3000/_next/static/chunks/node_modules_next_dist_1gdrd03._.js:1945
[ 1431304ms] [ERROR] ./src/components/HeroSection.tsx:173:16
Expected '</', got 'jsx text'
  171 |               mariages
  172 |             </a>
> 173 |           </h2>
      |                ^^^^^^^^^^^^^^^^^^^^^^^^^^^^^^^^^^^^^^^^^^^^^^^^^^^^^^^^^^^^^^^^^^^^^^^^^^^^^
> 174 |         </div>
      | ^^^^^^^^
  175 |       </div>
  176 |
  177 |       {/* Arrow + Social icons row */}

Parsing ecmascript source code failed

Import traces:
  Client Component Browser:
    ./src/components/HeroSection.tsx [Client Component Browser]
    ./src/app/page.tsx [Client Component Browser]
    ./src/app/page.tsx [Server Component]

  Client Component SSR:
    ./src/components/HeroSection.tsx [Client Component SSR]
    ./src/app/page.tsx [Client Component SSR]
    ./src/app/page.tsx [Server Component] @ http://localhost:3000/_next/static/chunks/node_modules_next_dist_1gdrd03._.js:1945
[ 1431367ms] [ERROR] ./src/components/HeroSection.tsx:173:16
Expected '</', got 'jsx text'
  171 |               mariages
  172 |             </a>
> 173 |           </h2>
      |                ^^^^^^^^^^^^^^^^^^^^^^^^^^^^^^^^^^^^^^^^^^^^^^^^^^^^^^^^^^^^^^^^^^^^^^^^^^^^^
> 174 |         </div>
      | ^^^^^^^^
  175 |       </div>
  176 |
  177 |       {/* Arrow + Social icons row */}

Parsing ecmascript source code failed

Import traces:
  Client Component Browser:
    ./src/components/HeroSection.tsx [Client Component Browser]
    ./src/app/page.tsx [Client Component Browser]
    ./src/app/page.tsx [Server Component]

  Client Component SSR:
    ./src/components/HeroSection.tsx [Client Component SSR]
    ./src/app/page.tsx [Client Component SSR]
    ./src/app/page.tsx [Server Component] @ http://localhost:3000/_next/static/chunks/node_modules_next_dist_1gdrd03._.js:1945
[ 1431429ms] [ERROR] ./src/components/HeroSection.tsx:173:16
Expected '</', got 'jsx text'
  171 |               mariages
  172 |             </a>
> 173 |           </h2>
      |                ^^^^^^^^^^^^^^^^^^^^^^^^^^^^^^^^^^^^^^^^^^^^^^^^^^^^^^^^^^^^^^^^^^^^^^^^^^^^^
> 174 |         </div>
      | ^^^^^^^^
  175 |       </div>
  176 |
  177 |       {/* Arrow + Social icons row */}

Parsing ecmascript source code failed

Import traces:
  Client Component Browser:
    ./src/components/HeroSection.tsx [Client Component Browser]
    ./src/app/page.tsx [Client Component Browser]
    ./src/app/page.tsx [Server Component]

  Client Component SSR:
    ./src/components/HeroSection.tsx [Client Component SSR]
    ./src/app/page.tsx [Client Component SSR]
    ./src/app/page.tsx [Server Component] @ http://localhost:3000/_next/static/chunks/node_modules_next_dist_1gdrd03._.js:1945
[ 1431492ms] [ERROR] ./src/components/HeroSection.tsx:173:16
Expected '</', got 'jsx text'
  171 |               mariages
  172 |             </a>
> 173 |           </h2>
      |                ^^^^^^^^^^^^^^^^^^^^^^^^^^^^^^^^^^^^^^^^^^^^^^^^^^^^^^^^^^^^^^^^^^^^^^^^^^^^^
> 174 |         </div>
      | ^^^^^^^^
  175 |       </div>
  176 |
  177 |       {/* Arrow + Social icons row */}

Parsing ecmascript source code failed

Import traces:
  Client Component Browser:
    ./src/components/HeroSection.tsx [Client Component Browser]
    ./src/app/page.tsx [Client Component Browser]
    ./src/app/page.tsx [Server Component]

  Client Component SSR:
    ./src/components/HeroSection.tsx [Client Component SSR]
    ./src/app/page.tsx [Client Component SSR]
    ./src/app/page.tsx [Server Component] @ http://localhost:3000/_next/static/chunks/node_modules_next_dist_1gdrd03._.js:1945
[ 1431554ms] [ERROR] ./src/components/HeroSection.tsx:173:16
Expected '</', got 'jsx text'
  171 |               mariages
  172 |             </a>
> 173 |           </h2>
      |                ^^^^^^^^^^^^^^^^^^^^^^^^^^^^^^^^^^^^^^^^^^^^^^^^^^^^^^^^^^^^^^^^^^^^^^^^^^^^^
> 174 |         </div>
      | ^^^^^^^^
  175 |       </div>
  176 |
  177 |       {/* Arrow + Social icons row */}

Parsing ecmascript source code failed

Import traces:
  Client Component Browser:
    ./src/components/HeroSection.tsx [Client Component Browser]
    ./src/app/page.tsx [Client Component Browser]
    ./src/app/page.tsx [Server Component]

  Client Component SSR:
    ./src/components/HeroSection.tsx [Client Component SSR]
    ./src/app/page.tsx [Client Component SSR]
    ./src/app/page.tsx [Server Component] @ http://localhost:3000/_next/static/chunks/node_modules_next_dist_1gdrd03._.js:1945
[ 1431616ms] [ERROR] ./src/components/HeroSection.tsx:173:16
Expected '</', got 'jsx text'
  171 |               mariages
  172 |             </a>
> 173 |           </h2>
      |                ^^^^^^^^^^^^^^^^^^^^^^^^^^^^^^^^^^^^^^^^^^^^^^^^^^^^^^^^^^^^^^^^^^^^^^^^^^^^^
> 174 |         </div>
      | ^^^^^^^^
  175 |       </div>
  176 |
  177 |       {/* Arrow + Social icons row */}

Parsing ecmascript source code failed

Import traces:
  Client Component Browser:
    ./src/components/HeroSection.tsx [Client Component Browser]
    ./src/app/page.tsx [Client Component Browser]
    ./src/app/page.tsx [Server Component]

  Client Component SSR:
    ./src/components/HeroSection.tsx [Client Component SSR]
    ./src/app/page.tsx [Client Component SSR]
    ./src/app/page.tsx [Server Component] @ http://localhost:3000/_next/static/chunks/node_modules_next_dist_1gdrd03._.js:1945
[ 1431678ms] [ERROR] ./src/components/HeroSection.tsx:173:16
Expected '</', got 'jsx text'
  171 |               mariages
  172 |             </a>
> 173 |           </h2>
      |                ^^^^^^^^^^^^^^^^^^^^^^^^^^^^^^^^^^^^^^^^^^^^^^^^^^^^^^^^^^^^^^^^^^^^^^^^^^^^^
> 174 |         </div>
      | ^^^^^^^^
  175 |       </div>
  176 |
  177 |       {/* Arrow + Social icons row */}

Parsing ecmascript source code failed

Import traces:
  Client Component Browser:
    ./src/components/HeroSection.tsx [Client Component Browser]
    ./src/app/page.tsx [Client Component Browser]
    ./src/app/page.tsx [Server Component]

  Client Component SSR:
    ./src/components/HeroSection.tsx [Client Component SSR]
    ./src/app/page.tsx [Client Component SSR]
    ./src/app/page.tsx [Server Component] @ http://localhost:3000/_next/static/chunks/node_modules_next_dist_1gdrd03._.js:1945
[ 1431742ms] [ERROR] ./src/components/HeroSection.tsx:173:16
Expected '</', got 'jsx text'
  171 |               mariages
  172 |             </a>
> 173 |           </h2>
      |                ^^^^^^^^^^^^^^^^^^^^^^^^^^^^^^^^^^^^^^^^^^^^^^^^^^^^^^^^^^^^^^^^^^^^^^^^^^^^^
> 174 |         </div>
      | ^^^^^^^^
  175 |       </div>
  176 |
  177 |       {/* Arrow + Social icons row */}

Parsing ecmascript source code failed

Import traces:
  Client Component Browser:
    ./src/components/HeroSection.tsx [Client Component Browser]
    ./src/app/page.tsx [Client Component Browser]
    ./src/app/page.tsx [Server Component]

  Client Component SSR:
    ./src/components/HeroSection.tsx [Client Component SSR]
    ./src/app/page.tsx [Client Component SSR]
    ./src/app/page.tsx [Server Component] @ http://localhost:3000/_next/static/chunks/node_modules_next_dist_1gdrd03._.js:1945
[ 1431804ms] [ERROR] ./src/components/HeroSection.tsx:173:16
Expected '</', got 'jsx text'
  171 |               mariages
  172 |             </a>
> 173 |           </h2>
      |                ^^^^^^^^^^^^^^^^^^^^^^^^^^^^^^^^^^^^^^^^^^^^^^^^^^^^^^^^^^^^^^^^^^^^^^^^^^^^^
> 174 |         </div>
      | ^^^^^^^^
  175 |       </div>
  176 |
  177 |       {/* Arrow + Social icons row */}

Parsing ecmascript source code failed

Import traces:
  Client Component Browser:
    ./src/components/HeroSection.tsx [Client Component Browser]
    ./src/app/page.tsx [Client Component Browser]
    ./src/app/page.tsx [Server Component]

  Client Component SSR:
    ./src/components/HeroSection.tsx [Client Component SSR]
    ./src/app/page.tsx [Client Component SSR]
    ./src/app/page.tsx [Server Component] @ http://localhost:3000/_next/static/chunks/node_modules_next_dist_1gdrd03._.js:1945
[ 1431865ms] [ERROR] ./src/components/HeroSection.tsx:173:16
Expected '</', got 'jsx text'
  171 |               mariages
  172 |             </a>
> 173 |           </h2>
      |                ^^^^^^^^^^^^^^^^^^^^^^^^^^^^^^^^^^^^^^^^^^^^^^^^^^^^^^^^^^^^^^^^^^^^^^^^^^^^^
> 174 |         </div>
      | ^^^^^^^^
  175 |       </div>
  176 |
  177 |       {/* Arrow + Social icons row */}

Parsing ecmascript source code failed

Import traces:
  Client Component Browser:
    ./src/components/HeroSection.tsx [Client Component Browser]
    ./src/app/page.tsx [Client Component Browser]
    ./src/app/page.tsx [Server Component]

  Client Component SSR:
    ./src/components/HeroSection.tsx [Client Component SSR]
    ./src/app/page.tsx [Client Component SSR]
    ./src/app/page.tsx [Server Component] @ http://localhost:3000/_next/static/chunks/node_modules_next_dist_1gdrd03._.js:1945
[ 1431929ms] [ERROR] ./src/components/HeroSection.tsx:173:16
Expected '</', got 'jsx text'
  171 |               mariages
  172 |             </a>
> 173 |           </h2>
      |                ^^^^^^^^^^^^^^^^^^^^^^^^^^^^^^^^^^^^^^^^^^^^^^^^^^^^^^^^^^^^^^^^^^^^^^^^^^^^^
> 174 |         </div>
      | ^^^^^^^^
  175 |       </div>
  176 |
  177 |       {/* Arrow + Social icons row */}

Parsing ecmascript source code failed

Import traces:
  Client Component Browser:
    ./src/components/HeroSection.tsx [Client Component Browser]
    ./src/app/page.tsx [Client Component Browser]
    ./src/app/page.tsx [Server Component]

  Client Component SSR:
    ./src/components/HeroSection.tsx [Client Component SSR]
    ./src/app/page.tsx [Client Component SSR]
    ./src/app/page.tsx [Server Component] @ http://localhost:3000/_next/static/chunks/node_modules_next_dist_1gdrd03._.js:1945
[ 1431990ms] [ERROR] ./src/components/HeroSection.tsx:173:16
Expected '</', got 'jsx text'
  171 |               mariages
  172 |             </a>
> 173 |           </h2>
      |                ^^^^^^^^^^^^^^^^^^^^^^^^^^^^^^^^^^^^^^^^^^^^^^^^^^^^^^^^^^^^^^^^^^^^^^^^^^^^^
> 174 |         </div>
      | ^^^^^^^^
  175 |       </div>
  176 |
  177 |       {/* Arrow + Social icons row */}

Parsing ecmascript source code failed

Import traces:
  Client Component Browser:
    ./src/components/HeroSection.tsx [Client Component Browser]
    ./src/app/page.tsx [Client Component Browser]
    ./src/app/page.tsx [Server Component]

  Client Component SSR:
    ./src/components/HeroSection.tsx [Client Component SSR]
    ./src/app/page.tsx [Client Component SSR]
    ./src/app/page.tsx [Server Component] @ http://localhost:3000/_next/static/chunks/node_modules_next_dist_1gdrd03._.js:1945
[ 1432052ms] [ERROR] ./src/components/HeroSection.tsx:173:16
Expected '</', got 'jsx text'
  171 |               mariages
  172 |             </a>
> 173 |           </h2>
      |                ^^^^^^^^^^^^^^^^^^^^^^^^^^^^^^^^^^^^^^^^^^^^^^^^^^^^^^^^^^^^^^^^^^^^^^^^^^^^^
> 174 |         </div>
      | ^^^^^^^^
  175 |       </div>
  176 |
  177 |       {/* Arrow + Social icons row */}

Parsing ecmascript source code failed

Import traces:
  Client Component Browser:
    ./src/components/HeroSection.tsx [Client Component Browser]
    ./src/app/page.tsx [Client Component Browser]
    ./src/app/page.tsx [Server Component]

  Client Component SSR:
    ./src/components/HeroSection.tsx [Client Component SSR]
    ./src/app/page.tsx [Client Component SSR]
    ./src/app/page.tsx [Server Component] @ http://localhost:3000/_next/static/chunks/node_modules_next_dist_1gdrd03._.js:1945
[ 1432114ms] [ERROR] ./src/components/HeroSection.tsx:173:16
Expected '</', got 'jsx text'
  171 |               mariages
  172 |             </a>
> 173 |           </h2>
      |                ^^^^^^^^^^^^^^^^^^^^^^^^^^^^^^^^^^^^^^^^^^^^^^^^^^^^^^^^^^^^^^^^^^^^^^^^^^^^^
> 174 |         </div>
      | ^^^^^^^^
  175 |       </div>
  176 |
  177 |       {/* Arrow + Social icons row */}

Parsing ecmascript source code failed

Import traces:
  Client Component Browser:
    ./src/components/HeroSection.tsx [Client Component Browser]
    ./src/app/page.tsx [Client Component Browser]
    ./src/app/page.tsx [Server Component]

  Client Component SSR:
    ./src/components/HeroSection.tsx [Client Component SSR]
    ./src/app/page.tsx [Client Component SSR]
    ./src/app/page.tsx [Server Component] @ http://localhost:3000/_next/static/chunks/node_modules_next_dist_1gdrd03._.js:1945
[ 1432176ms] [ERROR] ./src/components/HeroSection.tsx:173:16
Expected '</', got 'jsx text'
  171 |               mariages
  172 |             </a>
> 173 |           </h2>
      |                ^^^^^^^^^^^^^^^^^^^^^^^^^^^^^^^^^^^^^^^^^^^^^^^^^^^^^^^^^^^^^^^^^^^^^^^^^^^^^
> 174 |         </div>
      | ^^^^^^^^
  175 |       </div>
  176 |
  177 |       {/* Arrow + Social icons row */}

Parsing ecmascript source code failed

Import traces:
  Client Component Browser:
    ./src/components/HeroSection.tsx [Client Component Browser]
    ./src/app/page.tsx [Client Component Browser]
    ./src/app/page.tsx [Server Component]

  Client Component SSR:
    ./src/components/HeroSection.tsx [Client Component SSR]
    ./src/app/page.tsx [Client Component SSR]
    ./src/app/page.tsx [Server Component] @ http://localhost:3000/_next/static/chunks/node_modules_next_dist_1gdrd03._.js:1945
[ 1432238ms] [ERROR] ./src/components/HeroSection.tsx:173:16
Expected '</', got 'jsx text'
  171 |               mariages
  172 |             </a>
> 173 |           </h2>
      |                ^^^^^^^^^^^^^^^^^^^^^^^^^^^^^^^^^^^^^^^^^^^^^^^^^^^^^^^^^^^^^^^^^^^^^^^^^^^^^
> 174 |         </div>
      | ^^^^^^^^
  175 |       </div>
  176 |
  177 |       {/* Arrow + Social icons row */}

Parsing ecmascript source code failed

Import traces:
  Client Component Browser:
    ./src/components/HeroSection.tsx [Client Component Browser]
    ./src/app/page.tsx [Client Component Browser]
    ./src/app/page.tsx [Server Component]

  Client Component SSR:
    ./src/components/HeroSection.tsx [Client Component SSR]
    ./src/app/page.tsx [Client Component SSR]
    ./src/app/page.tsx [Server Component] @ http://localhost:3000/_next/static/chunks/node_modules_next_dist_1gdrd03._.js:1945
[ 1432301ms] [ERROR] ./src/components/HeroSection.tsx:173:16
Expected '</', got 'jsx text'
  171 |               mariages
  172 |             </a>
> 173 |           </h2>
      |                ^^^^^^^^^^^^^^^^^^^^^^^^^^^^^^^^^^^^^^^^^^^^^^^^^^^^^^^^^^^^^^^^^^^^^^^^^^^^^
> 174 |         </div>
      | ^^^^^^^^
  175 |       </div>
  176 |
  177 |       {/* Arrow + Social icons row */}

Parsing ecmascript source code failed

Import traces:
  Client Component Browser:
    ./src/components/HeroSection.tsx [Client Component Browser]
    ./src/app/page.tsx [Client Component Browser]
    ./src/app/page.tsx [Server Component]

  Client Component SSR:
    ./src/components/HeroSection.tsx [Client Component SSR]
    ./src/app/page.tsx [Client Component SSR]
    ./src/app/page.tsx [Server Component] @ http://localhost:3000/_next/static/chunks/node_modules_next_dist_1gdrd03._.js:1945
[ 1432362ms] [ERROR] ./src/components/HeroSection.tsx:173:16
Expected '</', got 'jsx text'
  171 |               mariages
  172 |             </a>
> 173 |           </h2>
      |                ^^^^^^^^^^^^^^^^^^^^^^^^^^^^^^^^^^^^^^^^^^^^^^^^^^^^^^^^^^^^^^^^^^^^^^^^^^^^^
> 174 |         </div>
      | ^^^^^^^^
  175 |       </div>
  176 |
  177 |       {/* Arrow + Social icons row */}

Parsing ecmascript source code failed

Import traces:
  Client Component Browser:
    ./src/components/HeroSection.tsx [Client Component Browser]
    ./src/app/page.tsx [Client Component Browser]
    ./src/app/page.tsx [Server Component]

  Client Component SSR:
    ./src/components/HeroSection.tsx [Client Component SSR]
    ./src/app/page.tsx [Client Component SSR]
    ./src/app/page.tsx [Server Component] @ http://localhost:3000/_next/static/chunks/node_modules_next_dist_1gdrd03._.js:1945
[ 1432425ms] [ERROR] ./src/components/HeroSection.tsx:173:16
Expected '</', got 'jsx text'
  171 |               mariages
  172 |             </a>
> 173 |           </h2>
      |                ^^^^^^^^^^^^^^^^^^^^^^^^^^^^^^^^^^^^^^^^^^^^^^^^^^^^^^^^^^^^^^^^^^^^^^^^^^^^^
> 174 |         </div>
      | ^^^^^^^^
  175 |       </div>
  176 |
  177 |       {/* Arrow + Social icons row */}

Parsing ecmascript source code failed

Import traces:
  Client Component Browser:
    ./src/components/HeroSection.tsx [Client Component Browser]
    ./src/app/page.tsx [Client Component Browser]
    ./src/app/page.tsx [Server Component]

  Client Component SSR:
    ./src/components/HeroSection.tsx [Client Component SSR]
    ./src/app/page.tsx [Client Component SSR]
    ./src/app/page.tsx [Server Component] @ http://localhost:3000/_next/static/chunks/node_modules_next_dist_1gdrd03._.js:1945
[ 1432489ms] [ERROR] ./src/components/HeroSection.tsx:173:16
Expected '</', got 'jsx text'
  171 |               mariages
  172 |             </a>
> 173 |           </h2>
      |                ^^^^^^^^^^^^^^^^^^^^^^^^^^^^^^^^^^^^^^^^^^^^^^^^^^^^^^^^^^^^^^^^^^^^^^^^^^^^^
> 174 |         </div>
      | ^^^^^^^^
  175 |       </div>
  176 |
  177 |       {/* Arrow + Social icons row */}

Parsing ecmascript source code failed

Import traces:
  Client Component Browser:
    ./src/components/HeroSection.tsx [Client Component Browser]
    ./src/app/page.tsx [Client Component Browser]
    ./src/app/page.tsx [Server Component]

  Client Component SSR:
    ./src/components/HeroSection.tsx [Client Component SSR]
    ./src/app/page.tsx [Client Component SSR]
    ./src/app/page.tsx [Server Component] @ http://localhost:3000/_next/static/chunks/node_modules_next_dist_1gdrd03._.js:1945
[ 1432552ms] [ERROR] ./src/components/HeroSection.tsx:173:16
Expected '</', got 'jsx text'
  171 |               mariages
  172 |             </a>
> 173 |           </h2>
      |                ^^^^^^^^^^^^^^^^^^^^^^^^^^^^^^^^^^^^^^^^^^^^^^^^^^^^^^^^^^^^^^^^^^^^^^^^^^^^^
> 174 |         </div>
      | ^^^^^^^^
  175 |       </div>
  176 |
  177 |       {/* Arrow + Social icons row */}

Parsing ecmascript source code failed

Import traces:
  Client Component Browser:
    ./src/components/HeroSection.tsx [Client Component Browser]
    ./src/app/page.tsx [Client Component Browser]
    ./src/app/page.tsx [Server Component]

  Client Component SSR:
    ./src/components/HeroSection.tsx [Client Component SSR]
    ./src/app/page.tsx [Client Component SSR]
    ./src/app/page.tsx [Server Component] @ http://localhost:3000/_next/static/chunks/node_modules_next_dist_1gdrd03._.js:1945
[ 1432614ms] [ERROR] ./src/components/HeroSection.tsx:173:16
Expected '</', got 'jsx text'
  171 |               mariages
  172 |             </a>
> 173 |           </h2>
      |                ^^^^^^^^^^^^^^^^^^^^^^^^^^^^^^^^^^^^^^^^^^^^^^^^^^^^^^^^^^^^^^^^^^^^^^^^^^^^^
> 174 |         </div>
      | ^^^^^^^^
  175 |       </div>
  176 |
  177 |       {/* Arrow + Social icons row */}

Parsing ecmascript source code failed

Import traces:
  Client Component Browser:
    ./src/components/HeroSection.tsx [Client Component Browser]
    ./src/app/page.tsx [Client Component Browser]
    ./src/app/page.tsx [Server Component]

  Client Component SSR:
    ./src/components/HeroSection.tsx [Client Component SSR]
    ./src/app/page.tsx [Client Component SSR]
    ./src/app/page.tsx [Server Component] @ http://localhost:3000/_next/static/chunks/node_modules_next_dist_1gdrd03._.js:1945
[ 1432675ms] [ERROR] ./src/components/HeroSection.tsx:173:16
Expected '</', got 'jsx text'
  171 |               mariages
  172 |             </a>
> 173 |           </h2>
      |                ^^^^^^^^^^^^^^^^^^^^^^^^^^^^^^^^^^^^^^^^^^^^^^^^^^^^^^^^^^^^^^^^^^^^^^^^^^^^^
> 174 |         </div>
      | ^^^^^^^^
  175 |       </div>
  176 |
  177 |       {/* Arrow + Social icons row */}

Parsing ecmascript source code failed

Import traces:
  Client Component Browser:
    ./src/components/HeroSection.tsx [Client Component Browser]
    ./src/app/page.tsx [Client Component Browser]
    ./src/app/page.tsx [Server Component]

  Client Component SSR:
    ./src/components/HeroSection.tsx [Client Component SSR]
    ./src/app/page.tsx [Client Component SSR]
    ./src/app/page.tsx [Server Component] @ http://localhost:3000/_next/static/chunks/node_modules_next_dist_1gdrd03._.js:1945
[ 1432737ms] [ERROR] ./src/components/HeroSection.tsx:173:16
Expected '</', got 'jsx text'
  171 |               mariages
  172 |             </a>
> 173 |           </h2>
      |                ^^^^^^^^^^^^^^^^^^^^^^^^^^^^^^^^^^^^^^^^^^^^^^^^^^^^^^^^^^^^^^^^^^^^^^^^^^^^^
> 174 |         </div>
      | ^^^^^^^^
  175 |       </div>
  176 |
  177 |       {/* Arrow + Social icons row */}

Parsing ecmascript source code failed

Import traces:
  Client Component Browser:
    ./src/components/HeroSection.tsx [Client Component Browser]
    ./src/app/page.tsx [Client Component Browser]
    ./src/app/page.tsx [Server Component]

  Client Component SSR:
    ./src/components/HeroSection.tsx [Client Component SSR]
    ./src/app/page.tsx [Client Component SSR]
    ./src/app/page.tsx [Server Component] @ http://localhost:3000/_next/static/chunks/node_modules_next_dist_1gdrd03._.js:1945
[ 1432800ms] [ERROR] ./src/components/HeroSection.tsx:173:16
Expected '</', got 'jsx text'
  171 |               mariages
  172 |             </a>
> 173 |           </h2>
      |                ^^^^^^^^^^^^^^^^^^^^^^^^^^^^^^^^^^^^^^^^^^^^^^^^^^^^^^^^^^^^^^^^^^^^^^^^^^^^^
> 174 |         </div>
      | ^^^^^^^^
  175 |       </div>
  176 |
  177 |       {/* Arrow + Social icons row */}

Parsing ecmascript source code failed

Import traces:
  Client Component Browser:
    ./src/components/HeroSection.tsx [Client Component Browser]
    ./src/app/page.tsx [Client Component Browser]
    ./src/app/page.tsx [Server Component]

  Client Component SSR:
    ./src/components/HeroSection.tsx [Client Component SSR]
    ./src/app/page.tsx [Client Component SSR]
    ./src/app/page.tsx [Server Component] @ http://localhost:3000/_next/static/chunks/node_modules_next_dist_1gdrd03._.js:1945
[ 1432863ms] [ERROR] ./src/components/HeroSection.tsx:173:16
Expected '</', got 'jsx text'
  171 |               mariages
  172 |             </a>
> 173 |           </h2>
      |                ^^^^^^^^^^^^^^^^^^^^^^^^^^^^^^^^^^^^^^^^^^^^^^^^^^^^^^^^^^^^^^^^^^^^^^^^^^^^^
> 174 |         </div>
      | ^^^^^^^^
  175 |       </div>
  176 |
  177 |       {/* Arrow + Social icons row */}

Parsing ecmascript source code failed

Import traces:
  Client Component Browser:
    ./src/components/HeroSection.tsx [Client Component Browser]
    ./src/app/page.tsx [Client Component Browser]
    ./src/app/page.tsx [Server Component]

  Client Component SSR:
    ./src/components/HeroSection.tsx [Client Component SSR]
    ./src/app/page.tsx [Client Component SSR]
    ./src/app/page.tsx [Server Component] @ http://localhost:3000/_next/static/chunks/node_modules_next_dist_1gdrd03._.js:1945
[ 1432923ms] [ERROR] ./src/components/HeroSection.tsx:173:16
Expected '</', got 'jsx text'
  171 |               mariages
  172 |             </a>
> 173 |           </h2>
      |                ^^^^^^^^^^^^^^^^^^^^^^^^^^^^^^^^^^^^^^^^^^^^^^^^^^^^^^^^^^^^^^^^^^^^^^^^^^^^^
> 174 |         </div>
      | ^^^^^^^^
  175 |       </div>
  176 |
  177 |       {/* Arrow + Social icons row */}

Parsing ecmascript source code failed

Import traces:
  Client Component Browser:
    ./src/components/HeroSection.tsx [Client Component Browser]
    ./src/app/page.tsx [Client Component Browser]
    ./src/app/page.tsx [Server Component]

  Client Component SSR:
    ./src/components/HeroSection.tsx [Client Component SSR]
    ./src/app/page.tsx [Client Component SSR]
    ./src/app/page.tsx [Server Component] @ http://localhost:3000/_next/static/chunks/node_modules_next_dist_1gdrd03._.js:1945
[ 1432977ms] [LOG] [Fast Refresh] rebuilding @ http://localhost:3000/_next/static/chunks/node_modules_next_dist_1gdrd03._.js:1226
[ 1433275ms] [LOG] [Fast Refresh] done in 91ms @ http://localhost:3000/_next/static/chunks/node_modules_next_dist_1gdrd03._.js:1226
[ 1433546ms] [INFO] %cDownload the React DevTools for a better development experience: https://react.dev/link/react-devtools font-weight:bold @ http://localhost:3000/_next/static/chunks/node_modules_next_dist_1ybzpk2._.js:2489
[ 1433648ms] [LOG] [HMR] connected @ http://localhost:3000/_next/static/chunks/node_modules_next_dist_1ybzpk2._.js:2489
[ 1433657ms] [WARNING] %c%s%c ⚠ metadataBase property in metadata export is not set for resolving social open graph or twitter images, using "http://localhost:3000". See https://nextjs.org/docs/app/api-reference/functions/generate-metadata#metadatabase background: #e6e6e6;background: light-dark(rgba(0,0,0,0.1), rgba(255,255,255,0.25));color: #000000;color: light-dark(#000000, #ffffff);border-radius: 2px  Server   @ http://localhost:3000/_next/static/chunks/node_modules_next_dist_1ybzpk2._.js:2489
[ 1444605ms] [LOG] [Fast Refresh] rebuilding @ http://localhost:3000/_next/static/chunks/node_modules_next_dist_1ybzpk2._.js:2489
[ 1444613ms] [ERROR] ./src/components/AboutSection.tsx:11:16
Expected '</', got 'jsx text'
   9 |           <h2 className="about__title font-platform text-[3.5rem] max-md:text-[2rem] font-...
  10 |             Location de photobooth et tendances de divertissement pour événements
> 11 |           </h4>
     |                ^^^^^^^^^^^^^^^^^^^^^^^^^^^^^^^^^^^^^^^^^^^^^^^^^^^^^^^^^^^^^^^^^^^^^^^^^^^^^^
> 12 |           <Link
     | ^^^^^^^^^^
  13 |             href="/contacto"
  14 |             className="inline-flex items-center justify-center rounded-full bg-[#FF0422] p...
  15 |           >

Parsing ecmascript source code failed

Import traces:
  Client Component Browser:
    ./src/components/AboutSection.tsx [Client Component Browser]
    ./src/app/page.tsx [Client Component Browser]
    ./src/app/page.tsx [Server Component]

  Client Component SSR:
    ./src/components/AboutSection.tsx [Client Component SSR]
    ./src/app/page.tsx [Client Component SSR]
    ./src/app/page.tsx [Server Component] @ http://localhost:3000/_next/static/chunks/node_modules_next_dist_1ybzpk2._.js:3330
[ 1444668ms] [ERROR] Failed to load resource: the server responded with a status of 500 (Internal Server Error) @ http://localhost:3000/?_rsc=q3mOO9BClNZHexY7:0
[ 1444733ms] [ERROR] Failed to load resource: the server responded with a status of 500 (Internal Server Error) @ http://localhost:3000/:0
[ 1444771ms] [INFO] %cDownload the React DevTools for a better development experience: https://react.dev/link/react-devtools font-weight:bold @ http://localhost:3000/_next/static/chunks/node_modules_react-dom_0kla17-._.js:15305
[ 1444788ms] Error: ./src/components/AboutSection.tsx:11:16
Expected '</', got 'jsx text'
   9 |           <h2 className="about__title font-platform text-[3.5rem] max-md:text-[2rem] font-...
  10 |             Location de photobooth et tendances de divertissement pour événements
> 11 |           </h4>
     |                ^^^^^^^^^^^^^^^^^^^^^^^^^^^^^^^^^^^^^^^^^^^^^^^^^^^^^^^^^^^^^^^^^^^^^^^^^^^^^^
> 12 |           <Link
     | ^^^^^^^^^^
  13 |             href="/contacto"
  14 |             className="inline-flex items-center justify-center rounded-full bg-[#FF0422] p...
  15 |           >

Parsing ecmascript source code failed

Import traces:
  Client Component Browser:
    ./src/components/AboutSection.tsx [Client Component Browser]
    ./src/app/page.tsx [Client Component Browser]
    ./src/app/page.tsx [Server Component]

  Client Component SSR:
    ./src/components/AboutSection.tsx [Client Component SSR]
    ./src/app/page.tsx [Client Component SSR]
    ./src/app/page.tsx [Server Component]


    at <unknown> (Error: ./src/components/AboutSection.tsx:11:16)
    at Object.getCompilationErrors (file://C:\Users\Ultrapc\Desktop\photosite\node_modules\next\dist\server\dev\hot-reloader-turbopack.js:1186:59)
    at DevBundlerService.getCompilationError (file://C:\Users\Ultrapc\Desktop\photosite\node_modules\next\dist\server\lib\dev-bundler-service.js:44:55)
    at DevServer.getCompilationError (file://C:\Users\Ultrapc\Desktop\photosite\node_modules\next\dist\server\dev\next-dev-server.js:720:42)
    at DevServer.findPageComponents (file://C:\Users\Ultrapc\Desktop\photosite\node_modules\next\dist\server\dev\next-dev-server.js:690:43)
    at async DevServer.renderErrorToResponseImpl (file://C:\Users\Ultrapc\Desktop\photosite\node_modules\next\dist\server\base-server.js:1753:26)
[ 1444793ms] [LOG] [HMR] connected @ http://localhost:3000/_next/static/chunks/node_modules_next_dist_1gdrd03._.js:1226
[ 1444798ms] [ERROR] ./src/components/AboutSection.tsx:11:16
Expected '</', got 'jsx text'
   9 |           <h2 className="about__title font-platform text-[3.5rem] max-md:text-[2rem] font-...
  10 |             Location de photobooth et tendances de divertissement pour événements
> 11 |           </h4>
     |                ^^^^^^^^^^^^^^^^^^^^^^^^^^^^^^^^^^^^^^^^^^^^^^^^^^^^^^^^^^^^^^^^^^^^^^^^^^^^^^
> 12 |           <Link
     | ^^^^^^^^^^
  13 |             href="/contacto"
  14 |             className="inline-flex items-center justify-center rounded-full bg-[#FF0422] p...
  15 |           >

Parsing ecmascript source code failed

Import traces:
  Client Component Browser:
    ./src/components/AboutSection.tsx [Client Component Browser]
    ./src/app/page.tsx [Client Component Browser]
    ./src/app/page.tsx [Server Component]

  Client Component SSR:
    ./src/components/AboutSection.tsx [Client Component SSR]
    ./src/app/page.tsx [Client Component SSR]
    ./src/app/page.tsx [Server Component] @ http://localhost:3000/_next/static/chunks/node_modules_next_dist_1gdrd03._.js:1945
[ 1444853ms] [ERROR] ./src/components/AboutSection.tsx:11:16
Expected '</', got 'jsx text'
   9 |           <h2 className="about__title font-platform text-[3.5rem] max-md:text-[2rem] font-...
  10 |             Location de photobooth et tendances de divertissement pour événements
> 11 |           </h4>
     |                ^^^^^^^^^^^^^^^^^^^^^^^^^^^^^^^^^^^^^^^^^^^^^^^^^^^^^^^^^^^^^^^^^^^^^^^^^^^^^^
> 12 |           <Link
     | ^^^^^^^^^^
  13 |             href="/contacto"
  14 |             className="inline-flex items-center justify-center rounded-full bg-[#FF0422] p...
  15 |           >

Parsing ecmascript source code failed

Import traces:
  Client Component Browser:
    ./src/components/AboutSection.tsx [Client Component Browser]
    ./src/app/page.tsx [Client Component Browser]
    ./src/app/page.tsx [Server Component]

  Client Component SSR:
    ./src/components/AboutSection.tsx [Client Component SSR]
    ./src/app/page.tsx [Client Component SSR]
    ./src/app/page.tsx [Server Component] @ http://localhost:3000/_next/static/chunks/node_modules_next_dist_1gdrd03._.js:1945
[ 1444906ms] [LOG] [Fast Refresh] rebuilding @ http://localhost:3000/_next/static/chunks/node_modules_next_dist_1gdrd03._.js:1226
[ 1445246ms] [LOG] [Fast Refresh] done in 91ms @ http://localhost:3000/_next/static/chunks/node_modules_next_dist_1gdrd03._.js:1226
[ 1445367ms] [LOG] [Fast Refresh] rebuilding @ http://localhost:3000/_next/static/chunks/node_modules_next_dist_1gdrd03._.js:1226
[ 1445523ms] [LOG] [Fast Refresh] done in 259ms @ http://localhost:3000/_next/static/chunks/node_modules_next_dist_1gdrd03._.js:1226
[ 1445718ms] [INFO] %cDownload the React DevTools for a better development experience: https://react.dev/link/react-devtools font-weight:bold @ http://localhost:3000/_next/static/chunks/node_modules_next_dist_1ybzpk2._.js:2489
[ 1445749ms] [LOG] [HMR] connected @ http://localhost:3000/_next/static/chunks/node_modules_next_dist_1ybzpk2._.js:2489
[ 1455017ms] [LOG] [Fast Refresh] rebuilding @ http://localhost:3000/_next/static/chunks/node_modules_next_dist_1ybzpk2._.js:2489
[ 1455033ms] [LOG] [Fast Refresh] done in 101ms @ http://localhost:3000/_next/static/chunks/node_modules_next_dist_1ybzpk2._.js:2489
[ 1455143ms] [LOG] [Fast Refresh] rebuilding @ http://localhost:3000/_next/static/chunks/node_modules_next_dist_1ybzpk2._.js:2489
[ 1455265ms] [LOG] [Fast Refresh] done in 229ms @ http://localhost:3000/_next/static/chunks/node_modules_next_dist_1ybzpk2._.js:2489
[ 1455272ms] [WARNING] %c%s%c ⚠ metadataBase property in metadata export is not set for resolving social open graph or twitter images, using "http://localhost:3000". See https://nextjs.org/docs/app/api-reference/functions/generate-metadata#metadatabase background: #e6e6e6;background: light-dark(rgba(0,0,0,0.1), rgba(255,255,255,0.25));color: #000000;color: light-dark(#000000, #ffffff);border-radius: 2px  Server   @ http://localhost:3000/_next/static/chunks/node_modules_next_dist_1ybzpk2._.js:2489
[ 1463812ms] [LOG] [Fast Refresh] rebuilding @ http://localhost:3000/_next/static/chunks/node_modules_next_dist_1ybzpk2._.js:2489
[ 1463951ms] [LOG] [Fast Refresh] done in 112ms @ http://localhost:3000/_next/static/chunks/node_modules_next_dist_1ybzpk2._.js:2489
[ 1465057ms] [LOG] [Fast Refresh] rebuilding @ http://localhost:3000/_next/static/chunks/node_modules_next_dist_1ybzpk2._.js:2489
[ 1465180ms] [WARNING] %c%s%c ⚠ metadataBase property in metadata export is not set for resolving social open graph or twitter images, using "http://localhost:3000". See https://nextjs.org/docs/app/api-reference/functions/generate-metadata#metadatabase background: #e6e6e6;background: light-dark(rgba(0,0,0,0.1), rgba(255,255,255,0.25));color: #000000;color: light-dark(#000000, #ffffff);border-radius: 2px  Server   @ http://localhost:3000/_next/static/chunks/node_modules_next_dist_1ybzpk2._.js:2489
[ 1465214ms] [LOG] [Fast Refresh] done in 80ms @ http://localhost:3000/_next/static/chunks/node_modules_next_dist_1ybzpk2._.js:2489
[ 1466583ms] [LOG] [Fast Refresh] rebuilding @ http://localhost:3000/_next/static/chunks/node_modules_next_dist_1ybzpk2._.js:2489
[ 1466726ms] [WARNING] %c%s%c ⚠ metadataBase property in metadata export is not set for resolving social open graph or twitter images, using "http://localhost:3000". See https://nextjs.org/docs/app/api-reference/functions/generate-metadata#metadatabase background: #e6e6e6;background: light-dark(rgba(0,0,0,0.1), rgba(255,255,255,0.25));color: #000000;color: light-dark(#000000, #ffffff);border-radius: 2px  Server   @ http://localhost:3000/_next/static/chunks/node_modules_next_dist_1ybzpk2._.js:2489
[ 1466764ms] [LOG] [Fast Refresh] done in 84ms @ http://localhost:3000/_next/static/chunks/node_modules_next_dist_1ybzpk2._.js:2489
[ 1484519ms] [LOG] [HMR] connected @ http://localhost:3000/_next/static/chunks/node_modules_next_dist_1ybzpk2._.js:2489
[ 1485573ms] [INFO] %cDownload the React DevTools for a better development experience: https://react.dev/link/react-devtools font-weight:bold @ http://localhost:3000/_next/static/chunks/node_modules_next_dist_1ybzpk2._.js:2489
[ 1485601ms] [LOG] [HMR] connected @ http://localhost:3000/_next/static/chunks/node_modules_next_dist_1ybzpk2._.js:2489
[ 1485605ms] [WARNING] %c%s%c ⚠ metadataBase property in metadata export is not set for resolving social open graph or twitter images, using "http://localhost:3000". See https://nextjs.org/docs/app/api-reference/functions/generate-metadata#metadatabase background: #e6e6e6;background: light-dark(rgba(0,0,0,0.1), rgba(255,255,255,0.25));color: #000000;color: light-dark(#000000, #ffffff);border-radius: 2px  Server   @ http://localhost:3000/_next/static/chunks/node_modules_next_dist_1ybzpk2._.js:2489
[ 1497363ms] [LOG] [Fast Refresh] rebuilding @ http://localhost:3000/_next/static/chunks/node_modules_next_dist_1ybzpk2._.js:2489
[ 1497522ms] [LOG] [Fast Refresh] done in 263ms @ http://localhost:3000/_next/static/chunks/node_modules_next_dist_1ybzpk2._.js:2489
[ 1497597ms] [WARNING] %c%s%c ⚠ metadataBase property in metadata export is not set for resolving social open graph or twitter images, using "http://localhost:3000". See https://nextjs.org/docs/app/api-reference/functions/generate-metadata#metadatabase background: #e6e6e6;background: light-dark(rgba(0,0,0,0.1), rgba(255,255,255,0.25));color: #000000;color: light-dark(#000000, #ffffff);border-radius: 2px  Server   @ http://localhost:3000/_next/static/chunks/node_modules_next_dist_1ybzpk2._.js:2489
[ 1497638ms] [LOG] [Fast Refresh] rebuilding @ http://localhost:3000/_next/static/chunks/node_modules_next_dist_1ybzpk2._.js:2489
[ 1497689ms] [LOG] [Fast Refresh] done in 165ms @ http://localhost:3000/_next/static/chunks/node_modules_next_dist_1ybzpk2._.js:2489
[ 1497874ms] [LOG] [Fast Refresh] rebuilding @ http://localhost:3000/_next/static/chunks/node_modules_next_dist_1ybzpk2._.js:2489
[ 1497901ms] [LOG] [Fast Refresh] done in 136ms @ http://localhost:3000/_next/static/chunks/node_modules_next_dist_1ybzpk2._.js:2489
[ 1515394ms] [LOG] [Fast Refresh] rebuilding @ http://localhost:3000/_next/static/chunks/node_modules_next_dist_1ybzpk2._.js:2489
[ 1515578ms] [LOG] [Fast Refresh] done in 285ms @ http://localhost:3000/_next/static/chunks/node_modules_next_dist_1ybzpk2._.js:2489
[ 1515646ms] [WARNING] %c%s%c ⚠ metadataBase property in metadata export is not set for resolving social open graph or twitter images, using "http://localhost:3000". See https://nextjs.org/docs/app/api-reference/functions/generate-metadata#metadatabase background: #e6e6e6;background: light-dark(rgba(0,0,0,0.1), rgba(255,255,255,0.25));color: #000000;color: light-dark(#000000, #ffffff);border-radius: 2px  Server   @ http://localhost:3000/_next/static/chunks/node_modules_next_dist_1ybzpk2._.js:2489
[ 1537339ms] [LOG] [Fast Refresh] rebuilding @ http://localhost:3000/_next/static/chunks/node_modules_next_dist_1ybzpk2._.js:2489
[ 1537342ms] [LOG] [Fast Refresh] done in 109ms @ http://localhost:3000/_next/static/chunks/node_modules_next_dist_1ybzpk2._.js:2489
[ 1538570ms] [LOG] [Fast Refresh] rebuilding @ http://localhost:3000/_next/static/chunks/node_modules_next_dist_1ybzpk2._.js:2489
[ 1538615ms] [LOG] [Fast Refresh] done in 148ms @ http://localhost:3000/_next/static/chunks/node_modules_next_dist_1ybzpk2._.js:2489
[ 2291610ms] [LOG] [Fast Refresh] rebuilding @ http://localhost:3000/_next/static/chunks/node_modules_next_dist_1ybzpk2._.js:2489
[ 2291623ms] [LOG] [Fast Refresh] done in 128ms @ http://localhost:3000/_next/static/chunks/node_modules_next_dist_1ybzpk2._.js:2489
[ 2301206ms] [LOG] [Fast Refresh] rebuilding @ http://localhost:3000/_next/static/chunks/node_modules_next_dist_1ybzpk2._.js:2489
[ 2301206ms] [LOG] [Fast Refresh] done in 109ms @ http://localhost:3000/_next/static/chunks/node_modules_next_dist_1ybzpk2._.js:2489
[ 2318863ms] [LOG] [Fast Refresh] rebuilding @ http://localhost:3000/_next/static/chunks/node_modules_next_dist_1ybzpk2._.js:2489
[ 2319333ms] [LOG] [Fast Refresh] done in 523ms @ http://localhost:3000/_next/static/chunks/node_modules_next_dist_1ybzpk2._.js:2489
[ 2319412ms] [WARNING] %c%s%c ⚠ metadataBase property in metadata export is not set for resolving social open graph or twitter images, using "http://localhost:3000". See https://nextjs.org/docs/app/api-reference/functions/generate-metadata#metadatabase background: #e6e6e6;background: light-dark(rgba(0,0,0,0.1), rgba(255,255,255,0.25));color: #000000;color: light-dark(#000000, #ffffff);border-radius: 2px  Server   @ http://localhost:3000/_next/static/chunks/node_modules_next_dist_1ybzpk2._.js:2489
[ 2319475ms] [LOG] [Fast Refresh] rebuilding @ http://localhost:3000/_next/static/chunks/node_modules_next_dist_1ybzpk2._.js:2489
[ 2319541ms] [LOG] [Fast Refresh] done in 167ms @ http://localhost:3000/_next/static/chunks/node_modules_next_dist_1ybzpk2._.js:2489
[ 2319649ms] [LOG] [Fast Refresh] rebuilding @ http://localhost:3000/_next/static/chunks/node_modules_next_dist_1ybzpk2._.js:2489
[ 2319747ms] [LOG] [Fast Refresh] done in 200ms @ http://localhost:3000/_next/static/chunks/node_modules_next_dist_1ybzpk2._.js:2489
[ 2319945ms] [LOG] [Fast Refresh] rebuilding @ http://localhost:3000/_next/static/chunks/node_modules_next_dist_1ybzpk2._.js:2489
[ 2320025ms] [LOG] [Fast Refresh] done in 181ms @ http://localhost:3000/_next/static/chunks/node_modules_next_dist_1ybzpk2._.js:2489
[ 2320152ms] [LOG] [Fast Refresh] rebuilding @ http://localhost:3000/_next/static/chunks/node_modules_next_dist_1ybzpk2._.js:2489
[ 2320216ms] [LOG] [Fast Refresh] done in 168ms @ http://localhost:3000/_next/static/chunks/node_modules_next_dist_1ybzpk2._.js:2489
[ 2320695ms] [LOG] [Fast Refresh] rebuilding @ http://localhost:3000/_next/static/chunks/node_modules_next_dist_1ybzpk2._.js:2489
[ 2320723ms] [LOG] [Fast Refresh] done in 133ms @ http://localhost:3000/_next/static/chunks/node_modules_next_dist_1ybzpk2._.js:2489
[ 2320823ms] [LOG] [Fast Refresh] rebuilding @ http://localhost:3000/_next/static/chunks/node_modules_next_dist_1ybzpk2._.js:2489
[ 2320864ms] [LOG] [Fast Refresh] done in 141ms @ http://localhost:3000/_next/static/chunks/node_modules_next_dist_1ybzpk2._.js:2489
[ 2321114ms] [LOG] [Fast Refresh] rebuilding @ http://localhost:3000/_next/static/chunks/node_modules_next_dist_1ybzpk2._.js:2489
[ 2321134ms] [LOG] [Fast Refresh] done in 127ms @ http://localhost:3000/_next/static/chunks/node_modules_next_dist_1ybzpk2._.js:2489
[ 2330123ms] [LOG] [Fast Refresh] rebuilding @ http://localhost:3000/_next/static/chunks/node_modules_next_dist_1ybzpk2._.js:2489
[ 2330184ms] [LOG] [Fast Refresh] done in 134ms @ http://localhost:3000/_next/static/chunks/node_modules_next_dist_1ybzpk2._.js:2489
[ 2345254ms] [LOG] [Fast Refresh] rebuilding @ http://localhost:3000/_next/static/chunks/node_modules_next_dist_1ybzpk2._.js:2489
[ 2345732ms] [LOG] [Fast Refresh] done in 583ms @ http://localhost:3000/_next/static/chunks/node_modules_next_dist_1ybzpk2._.js:2489
[ 2345836ms] [LOG] [Fast Refresh] rebuilding @ http://localhost:3000/_next/static/chunks/node_modules_next_dist_1ybzpk2._.js:2489
[ 2345836ms] [WARNING] %c%s%c ⚠ metadataBase property in metadata export is not set for resolving social open graph or twitter images, using "http://localhost:3000". See https://nextjs.org/docs/app/api-reference/functions/generate-metadata#metadatabase background: #e6e6e6;background: light-dark(rgba(0,0,0,0.1), rgba(255,255,255,0.25));color: #000000;color: light-dark(#000000, #ffffff);border-radius: 2px  Server   @ http://localhost:3000/_next/static/chunks/node_modules_next_dist_1ybzpk2._.js:2489
[ 2345974ms] [LOG] [Fast Refresh] done in 241ms @ http://localhost:3000/_next/static/chunks/node_modules_next_dist_1ybzpk2._.js:2489
[ 2346164ms] [LOG] [Fast Refresh] rebuilding @ http://localhost:3000/_next/static/chunks/node_modules_next_dist_1ybzpk2._.js:2489
[ 2346266ms] [LOG] [Fast Refresh] done in 210ms @ http://localhost:3000/_next/static/chunks/node_modules_next_dist_1ybzpk2._.js:2489
[ 2346417ms] [LOG] [Fast Refresh] rebuilding @ http://localhost:3000/_next/static/chunks/node_modules_next_dist_1ybzpk2._.js:2489
[ 2346469ms] [LOG] [Fast Refresh] done in 154ms @ http://localhost:3000/_next/static/chunks/node_modules_next_dist_1ybzpk2._.js:2489
[ 2346718ms] [LOG] [Fast Refresh] rebuilding @ http://localhost:3000/_next/static/chunks/node_modules_next_dist_1ybzpk2._.js:2489
[ 2346805ms] [LOG] [Fast Refresh] done in 187ms @ http://localhost:3000/_next/static/chunks/node_modules_next_dist_1ybzpk2._.js:2489
[ 2347100ms] [LOG] [Fast Refresh] rebuilding @ http://localhost:3000/_next/static/chunks/node_modules_next_dist_1ybzpk2._.js:2489
[ 2347110ms] [LOG] [Fast Refresh] done in 114ms @ http://localhost:3000/_next/static/chunks/node_modules_next_dist_1ybzpk2._.js:2489
[ 2366083ms] [LOG] [Fast Refresh] rebuilding @ http://localhost:3000/_next/static/chunks/node_modules_next_dist_1ybzpk2._.js:2489
[ 2366084ms] [LOG] [Fast Refresh] done in 109ms @ http://localhost:3000/_next/static/chunks/node_modules_next_dist_1ybzpk2._.js:2489
[ 2385716ms] [LOG] [Fast Refresh] rebuilding @ http://localhost:3000/_next/static/chunks/node_modules_next_dist_1ybzpk2._.js:2489
[ 2386529ms] [LOG] [Fast Refresh] done in 903ms @ http://localhost:3000/_next/static/chunks/node_modules_next_dist_1ybzpk2._.js:2489
[ 2386632ms] [LOG] [Fast Refresh] rebuilding @ http://localhost:3000/_next/static/chunks/node_modules_next_dist_1ybzpk2._.js:2489
[ 2386689ms] [LOG] [Fast Refresh] done in 87ms @ http://localhost:3000/_next/static/chunks/node_modules_next_dist_1ybzpk2._.js:2489
[ 2386791ms] [LOG] [Fast Refresh] rebuilding @ http://localhost:3000/_next/static/chunks/node_modules_next_dist_1ybzpk2._.js:2489
[ 2386816ms] [WARNING] %c%s%c ⚠ metadataBase property in metadata export is not set for resolving social open graph or twitter images, using "http://localhost:3000". See https://nextjs.org/docs/app/api-reference/functions/generate-metadata#metadatabase background: #e6e6e6;background: light-dark(rgba(0,0,0,0.1), rgba(255,255,255,0.25));color: #000000;color: light-dark(#000000, #ffffff);border-radius: 2px  Server   @ http://localhost:3000/_next/static/chunks/node_modules_next_dist_1ybzpk2._.js:2489
[ 2386821ms] [LOG] [Fast Refresh] done in 133ms @ http://localhost:3000/_next/static/chunks/node_modules_next_dist_1ybzpk2._.js:2489
[ 2387031ms] [LOG] [Fast Refresh] rebuilding @ http://localhost:3000/_next/static/chunks/node_modules_next_dist_1ybzpk2._.js:2489
[ 2387193ms] [LOG] [Fast Refresh] done in 263ms @ http://localhost:3000/_next/static/chunks/node_modules_next_dist_1ybzpk2._.js:2489
[ 2387574ms] [LOG] [Fast Refresh] rebuilding @ http://localhost:3000/_next/static/chunks/node_modules_next_dist_1ybzpk2._.js:2489
[ 2387625ms] [LOG] [Fast Refresh] done in 157ms @ http://localhost:3000/_next/static/chunks/node_modules_next_dist_1ybzpk2._.js:2489
[ 2387822ms] [LOG] [Fast Refresh] rebuilding @ http://localhost:3000/_next/static/chunks/node_modules_next_dist_1ybzpk2._.js:2489
[ 2387844ms] [LOG] [Fast Refresh] done in 123ms @ http://localhost:3000/_next/static/chunks/node_modules_next_dist_1ybzpk2._.js:2489
[ 2387948ms] [LOG] [Fast Refresh] rebuilding @ http://localhost:3000/_next/static/chunks/node_modules_next_dist_1ybzpk2._.js:2489
[ 2388092ms] [LOG] [Fast Refresh] done in 248ms @ http://localhost:3000/_next/static/chunks/node_modules_next_dist_1ybzpk2._.js:2489
[ 2388343ms] [LOG] [Fast Refresh] rebuilding @ http://localhost:3000/_next/static/chunks/node_modules_next_dist_1ybzpk2._.js:2489
[ 2388447ms] [LOG] [Fast Refresh] done in 207ms @ http://localhost:3000/_next/static/chunks/node_modules_next_dist_1ybzpk2._.js:2489
[ 2388551ms] [LOG] [Fast Refresh] rebuilding @ http://localhost:3000/_next/static/chunks/node_modules_next_dist_1ybzpk2._.js:2489
[ 2388610ms] [LOG] [Fast Refresh] done in 160ms @ http://localhost:3000/_next/static/chunks/node_modules_next_dist_1ybzpk2._.js:2489
[ 2388802ms] [LOG] [Fast Refresh] rebuilding @ http://localhost:3000/_next/static/chunks/node_modules_next_dist_1ybzpk2._.js:2489
[ 2388852ms] [LOG] [Fast Refresh] done in 156ms @ http://localhost:3000/_next/static/chunks/node_modules_next_dist_1ybzpk2._.js:2489
[ 2389049ms] [LOG] [Fast Refresh] rebuilding @ http://localhost:3000/_next/static/chunks/node_modules_next_dist_1ybzpk2._.js:2489
[ 2389081ms] [LOG] [Fast Refresh] done in 145ms @ http://localhost:3000/_next/static/chunks/node_modules_next_dist_1ybzpk2._.js:2489
[ 2389324ms] [LOG] [Fast Refresh] rebuilding @ http://localhost:3000/_next/static/chunks/node_modules_next_dist_1ybzpk2._.js:2489
[ 2389327ms] [LOG] [Fast Refresh] done in 105ms @ http://localhost:3000/_next/static/chunks/node_modules_next_dist_1ybzpk2._.js:2489
[ 2389433ms] [LOG] [Fast Refresh] rebuilding @ http://localhost:3000/_next/static/chunks/node_modules_next_dist_1ybzpk2._.js:2489
[ 2389436ms] [LOG] [Fast Refresh] done in 109ms @ http://localhost:3000/_next/static/chunks/node_modules_next_dist_1ybzpk2._.js:2489
[ 2389537ms] [LOG] [Fast Refresh] rebuilding @ http://localhost:3000/_next/static/chunks/node_modules_next_dist_1ybzpk2._.js:2489
[ 2389571ms] [LOG] [Fast Refresh] done in 134ms @ http://localhost:3000/_next/static/chunks/node_modules_next_dist_1ybzpk2._.js:2489
[ 2389680ms] [LOG] [Fast Refresh] rebuilding @ http://localhost:3000/_next/static/chunks/node_modules_next_dist_1ybzpk2._.js:2489
[ 2389719ms] [LOG] [Fast Refresh] done in 148ms @ http://localhost:3000/_next/static/chunks/node_modules_next_dist_1ybzpk2._.js:2489
[ 2389994ms] [LOG] [Fast Refresh] rebuilding @ http://localhost:3000/_next/static/chunks/node_modules_next_dist_1ybzpk2._.js:2489
[ 2390078ms] [LOG] [Fast Refresh] done in 194ms @ http://localhost:3000/_next/static/chunks/node_modules_next_dist_1ybzpk2._.js:2489
[ 2390197ms] [LOG] [Fast Refresh] rebuilding @ http://localhost:3000/_next/static/chunks/node_modules_next_dist_1ybzpk2._.js:2489
[ 2390225ms] [LOG] [Fast Refresh] done in 135ms @ http://localhost:3000/_next/static/chunks/node_modules_next_dist_1ybzpk2._.js:2489
[ 2390438ms] [LOG] [Fast Refresh] rebuilding @ http://localhost:3000/_next/static/chunks/node_modules_next_dist_1ybzpk2._.js:2489
[ 2390509ms] [LOG] [Fast Refresh] done in 174ms @ http://localhost:3000/_next/static/chunks/node_modules_next_dist_1ybzpk2._.js:2489
[ 2390699ms] [LOG] [Fast Refresh] rebuilding @ http://localhost:3000/_next/static/chunks/node_modules_next_dist_1ybzpk2._.js:2489
[ 2390704ms] [LOG] [Fast Refresh] done in 107ms @ http://localhost:3000/_next/static/chunks/node_modules_next_dist_1ybzpk2._.js:2489
[ 2390914ms] [LOG] [Fast Refresh] rebuilding @ http://localhost:3000/_next/static/chunks/node_modules_next_dist_1ybzpk2._.js:2489
[ 2390928ms] [LOG] [Fast Refresh] done in 120ms @ http://localhost:3000/_next/static/chunks/node_modules_next_dist_1ybzpk2._.js:2489
[ 2391159ms] [LOG] [Fast Refresh] rebuilding @ http://localhost:3000/_next/static/chunks/node_modules_next_dist_1ybzpk2._.js:2489
[ 2391253ms] [LOG] [Fast Refresh] done in 194ms @ http://localhost:3000/_next/static/chunks/node_modules_next_dist_1ybzpk2._.js:2489
[ 2391364ms] [LOG] [Fast Refresh] rebuilding @ http://localhost:3000/_next/static/chunks/node_modules_next_dist_1ybzpk2._.js:2489
[ 2391376ms] [LOG] [Fast Refresh] done in 123ms @ http://localhost:3000/_next/static/chunks/node_modules_next_dist_1ybzpk2._.js:2489
[ 2391835ms] [LOG] [Fast Refresh] rebuilding @ http://localhost:3000/_next/static/chunks/node_modules_next_dist_1ybzpk2._.js:2489
[ 2391837ms] [LOG] [Fast Refresh] done in 102ms @ http://localhost:3000/_next/static/chunks/node_modules_next_dist_1ybzpk2._.js:2489
[ 2391949ms] [LOG] [Fast Refresh] rebuilding @ http://localhost:3000/_next/static/chunks/node_modules_next_dist_1ybzpk2._.js:2489
[ 2391957ms] [LOG] [Fast Refresh] done in 116ms @ http://localhost:3000/_next/static/chunks/node_modules_next_dist_1ybzpk2._.js:2489
[ 2392060ms] [LOG] [Fast Refresh] rebuilding @ http://localhost:3000/_next/static/chunks/node_modules_next_dist_1ybzpk2._.js:2489
[ 2392073ms] [LOG] [Fast Refresh] done in 115ms @ http://localhost:3000/_next/static/chunks/node_modules_next_dist_1ybzpk2._.js:2489
[ 2392186ms] [LOG] [Fast Refresh] rebuilding @ http://localhost:3000/_next/static/chunks/node_modules_next_dist_1ybzpk2._.js:2489
[ 2392190ms] [LOG] [Fast Refresh] done in 116ms @ http://localhost:3000/_next/static/chunks/node_modules_next_dist_1ybzpk2._.js:2489
[ 2392297ms] [LOG] [Fast Refresh] rebuilding @ http://localhost:3000/_next/static/chunks/node_modules_next_dist_1ybzpk2._.js:2489
[ 2392303ms] [LOG] [Fast Refresh] done in 111ms @ http://localhost:3000/_next/static/chunks/node_modules_next_dist_1ybzpk2._.js:2489
[ 2392407ms] [LOG] [Fast Refresh] rebuilding @ http://localhost:3000/_next/static/chunks/node_modules_next_dist_1ybzpk2._.js:2489
[ 2392423ms] [LOG] [Fast Refresh] done in 117ms @ http://localhost:3000/_next/static/chunks/node_modules_next_dist_1ybzpk2._.js:2489
[ 2889737ms] [LOG] [Fast Refresh] rebuilding @ http://localhost:3000/_next/static/chunks/node_modules_next_dist_1ybzpk2._.js:2489
[ 2889792ms] [LOG] [Fast Refresh] done in 141ms @ http://localhost:3000/_next/static/chunks/node_modules_next_dist_1ybzpk2._.js:2489
[ 2889903ms] [LOG] [Fast Refresh] rebuilding @ http://localhost:3000/_next/static/chunks/node_modules_next_dist_1ybzpk2._.js:2489
[ 2890055ms] [WARNING] %c%s%c ⚠ metadataBase property in metadata export is not set for resolving social open graph or twitter images, using "http://localhost:3000". See https://nextjs.org/docs/app/api-reference/functions/generate-metadata#metadatabase background: #e6e6e6;background: light-dark(rgba(0,0,0,0.1), rgba(255,255,255,0.25));color: #000000;color: light-dark(#000000, #ffffff);border-radius: 2px  Server   @ http://localhost:3000/_next/static/chunks/node_modules_next_dist_1ybzpk2._.js:2489
[ 2890058ms] [LOG] [Fast Refresh] done in 258ms @ http://localhost:3000/_next/static/chunks/node_modules_next_dist_1ybzpk2._.js:2489
[ 2890165ms] [LOG] [Fast Refresh] rebuilding @ http://localhost:3000/_next/static/chunks/node_modules_next_dist_1ybzpk2._.js:2489
[ 2890170ms] [LOG] [Fast Refresh] done in 106ms @ http://localhost:3000/_next/static/chunks/node_modules_next_dist_1ybzpk2._.js:2489
[ 2903070ms] [LOG] [HMR] connected @ http://localhost:3000/_next/static/chunks/node_modules_next_dist_1ybzpk2._.js:2489
[ 2904142ms] [INFO] %cDownload the React DevTools for a better development experience: https://react.dev/link/react-devtools font-weight:bold @ http://localhost:3000/_next/static/chunks/node_modules_next_dist_1ybzpk2._.js:2489
[ 2904230ms] [LOG] [HMR] connected @ http://localhost:3000/_next/static/chunks/node_modules_next_dist_1ybzpk2._.js:2489
[ 2954939ms] [LOG] [Fast Refresh] rebuilding @ http://localhost:3000/_next/static/chunks/node_modules_next_dist_1ybzpk2._.js:2489
[ 2955004ms] [LOG] [Fast Refresh] done in 171ms @ http://localhost:3000/_next/static/chunks/node_modules_next_dist_1ybzpk2._.js:2489
[ 2980501ms] [LOG] [Fast Refresh] rebuilding @ http://localhost:3000/_next/static/chunks/node_modules_next_dist_1ybzpk2._.js:2489
[ 2980720ms] [LOG] [Fast Refresh] done in 252ms @ http://localhost:3000/_next/static/chunks/node_modules_next_dist_1ybzpk2._.js:2489
[ 2980817ms] [WARNING] %c%s%c ⚠ metadataBase property in metadata export is not set for resolving social open graph or twitter images, using "http://localhost:3000". See https://nextjs.org/docs/app/api-reference/functions/generate-metadata#metadatabase background: #e6e6e6;background: light-dark(rgba(0,0,0,0.1), rgba(255,255,255,0.25));color: #000000;color: light-dark(#000000, #ffffff);border-radius: 2px  Server   @ http://localhost:3000/_next/static/chunks/node_modules_next_dist_1ybzpk2._.js:2489
[ 2980871ms] [LOG] [Fast Refresh] rebuilding @ http://localhost:3000/_next/static/chunks/node_modules_next_dist_1ybzpk2._.js:2489
[ 2980877ms] [LOG] [Fast Refresh] done in 110ms @ http://localhost:3000/_next/static/chunks/node_modules_next_dist_1ybzpk2._.js:2489
[ 2981073ms] [LOG] [Fast Refresh] rebuilding @ http://localhost:3000/_next/static/chunks/node_modules_next_dist_1ybzpk2._.js:2489
[ 2981255ms] [LOG] [Fast Refresh] done in 284ms @ http://localhost:3000/_next/static/chunks/node_modules_next_dist_1ybzpk2._.js:2489
[ 2981379ms] [LOG] [Fast Refresh] rebuilding @ http://localhost:3000/_next/static/chunks/node_modules_next_dist_1ybzpk2._.js:2489
[ 2981451ms] [LOG] [Fast Refresh] done in 174ms @ http://localhost:3000/_next/static/chunks/node_modules_next_dist_1ybzpk2._.js:2489
[ 2981758ms] [LOG] [Fast Refresh] rebuilding @ http://localhost:3000/_next/static/chunks/node_modules_next_dist_1ybzpk2._.js:2489
[ 2981878ms] [LOG] [Fast Refresh] done in 223ms @ http://localhost:3000/_next/static/chunks/node_modules_next_dist_1ybzpk2._.js:2489
[ 2982073ms] [LOG] [Fast Refresh] rebuilding @ http://localhost:3000/_next/static/chunks/node_modules_next_dist_1ybzpk2._.js:2489
[ 2982110ms] [LOG] [Fast Refresh] done in 140ms @ http://localhost:3000/_next/static/chunks/node_modules_next_dist_1ybzpk2._.js:2489
[ 2982348ms] [LOG] [Fast Refresh] rebuilding @ http://localhost:3000/_next/static/chunks/node_modules_next_dist_1ybzpk2._.js:2489
[ 2982472ms] [LOG] [Fast Refresh] done in 235ms @ http://localhost:3000/_next/static/chunks/node_modules_next_dist_1ybzpk2._.js:2489
[ 2982775ms] [LOG] [Fast Refresh] rebuilding @ http://localhost:3000/_next/static/chunks/node_modules_next_dist_1ybzpk2._.js:2489
[ 2982814ms] [LOG] [Fast Refresh] done in 145ms @ http://localhost:3000/_next/static/chunks/node_modules_next_dist_1ybzpk2._.js:2489
[ 2982938ms] [LOG] [Fast Refresh] rebuilding @ http://localhost:3000/_next/static/chunks/node_modules_next_dist_1ybzpk2._.js:2489
[ 2983041ms] [LOG] [Fast Refresh] done in 214ms @ http://localhost:3000/_next/static/chunks/node_modules_next_dist_1ybzpk2._.js:2489
[ 3012768ms] [LOG] [HMR] connected @ http://localhost:3000/_next/static/chunks/node_modules_next_dist_1ybzpk2._.js:2489
[ 3013802ms] [INFO] %cDownload the React DevTools for a better development experience: https://react.dev/link/react-devtools font-weight:bold @ http://localhost:3000/_next/static/chunks/node_modules_next_dist_1ybzpk2._.js:2489
[ 3013892ms] [LOG] [HMR] connected @ http://localhost:3000/_next/static/chunks/node_modules_next_dist_1ybzpk2._.js:2489
[ 3013901ms] [WARNING] %c%s%c ⚠ metadataBase property in metadata export is not set for resolving social open graph or twitter images, using "http://localhost:3000". See https://nextjs.org/docs/app/api-reference/functions/generate-metadata#metadatabase background: #e6e6e6;background: light-dark(rgba(0,0,0,0.1), rgba(255,255,255,0.25));color: #000000;color: light-dark(#000000, #ffffff);border-radius: 2px  Server   @ http://localhost:3000/_next/static/chunks/node_modules_next_dist_1ybzpk2._.js:2489
[ 5400242ms] [LOG] [Fast Refresh] rebuilding @ http://localhost:3000/_next/static/chunks/node_modules_next_dist_1ybzpk2._.js:2489
[ 5400747ms] [LOG] [Fast Refresh] done in 610ms @ http://localhost:3000/_next/static/chunks/node_modules_next_dist_1ybzpk2._.js:2489
[ 5400848ms] [WARNING] %c%s%c ⚠ metadataBase property in metadata export is not set for resolving social open graph or twitter images, using "http://localhost:3000". See https://nextjs.org/docs/app/api-reference/functions/generate-metadata#metadatabase background: #e6e6e6;background: light-dark(rgba(0,0,0,0.1), rgba(255,255,255,0.25));color: #000000;color: light-dark(#000000, #ffffff);border-radius: 2px  Server   @ http://localhost:3000/_next/static/chunks/node_modules_next_dist_1ybzpk2._.js:2489
[ 5468191ms] [LOG] [Fast Refresh] rebuilding @ http://localhost:3000/_next/static/chunks/node_modules_next_dist_1ybzpk2._.js:2489
[ 5468207ms] [LOG] [Fast Refresh] done in 126ms @ http://localhost:3000/_next/static/chunks/node_modules_next_dist_1ybzpk2._.js:2489
[ 5489816ms] [LOG] [Fast Refresh] rebuilding @ http://localhost:3000/_next/static/chunks/node_modules_next_dist_1ybzpk2._.js:2489
[ 5490182ms] [LOG] [Fast Refresh] done in 468ms @ http://localhost:3000/_next/static/chunks/node_modules_next_dist_1ybzpk2._.js:2489
[ 5490287ms] [LOG] [Fast Refresh] rebuilding @ http://localhost:3000/_next/static/chunks/node_modules_next_dist_1ybzpk2._.js:2489
[ 5490292ms] [WARNING] %c%s%c ⚠ metadataBase property in metadata export is not set for resolving social open graph or twitter images, using "http://localhost:3000". See https://nextjs.org/docs/app/api-reference/functions/generate-metadata#metadatabase background: #e6e6e6;background: light-dark(rgba(0,0,0,0.1), rgba(255,255,255,0.25));color: #000000;color: light-dark(#000000, #ffffff);border-radius: 2px  Server   @ http://localhost:3000/_next/static/chunks/node_modules_next_dist_1ybzpk2._.js:2489
[ 5490293ms] [LOG] [Fast Refresh] done in 106ms @ http://localhost:3000/_next/static/chunks/node_modules_next_dist_1ybzpk2._.js:2489
[ 5491662ms] [LOG] [Fast Refresh] rebuilding @ http://localhost:3000/_next/static/chunks/node_modules_next_dist_1ybzpk2._.js:2489
[ 5491944ms] [LOG] [Fast Refresh] done in 393ms @ http://localhost:3000/_next/static/chunks/node_modules_next_dist_1ybzpk2._.js:2489
[ 5542904ms] [LOG] [Fast Refresh] rebuilding @ http://localhost:3000/_next/static/chunks/node_modules_next_dist_1ybzpk2._.js:2489
[ 5543099ms] [WARNING] %c%s%c ⚠ metadataBase property in metadata export is not set for resolving social open graph or twitter images, using "http://localhost:3000". See https://nextjs.org/docs/app/api-reference/functions/generate-metadata#metadatabase background: #e6e6e6;background: light-dark(rgba(0,0,0,0.1), rgba(255,255,255,0.25));color: #000000;color: light-dark(#000000, #ffffff);border-radius: 2px  Server   @ http://localhost:3000/_next/static/chunks/node_modules_next_dist_1ybzpk2._.js:2489
[ 5543102ms] [LOG] [Fast Refresh] done in 292ms @ http://localhost:3000/_next/static/chunks/node_modules_next_dist_1ybzpk2._.js:2489
[ 5543214ms] [LOG] [Fast Refresh] rebuilding @ http://localhost:3000/_next/static/chunks/node_modules_next_dist_1ybzpk2._.js:2489
[ 5543306ms] [LOG] [Fast Refresh] done in 197ms @ http://localhost:3000/_next/static/chunks/node_modules_next_dist_1ybzpk2._.js:2489
[ 5544207ms] [LOG] [Fast Refresh] rebuilding @ http://localhost:3000/_next/static/chunks/node_modules_next_dist_1ybzpk2._.js:2489
[ 5544352ms] [LOG] [Fast Refresh] done in 252ms @ http://localhost:3000/_next/static/chunks/node_modules_next_dist_1ybzpk2._.js:2489
[ 5561926ms] [LOG] [Fast Refresh] rebuilding @ http://localhost:3000/_next/static/chunks/node_modules_next_dist_1ybzpk2._.js:2489
[ 5561961ms] [LOG] [Fast Refresh] done in 158ms @ http://localhost:3000/_next/static/chunks/node_modules_next_dist_1ybzpk2._.js:2489
